"cell_id","cluster"
"AAACCCACAACATACC-1","1"
"AAACCCAGTTGGGACA-1","1"
"AAACGCTAGGCTTAAA-1","1"
"AAACGCTGTGCCCTTT-1","1"
"AAAGAACTCAGGGTAG-1","1"
"AAAGGATGTCTACATG-1","1"
"AAAGGTACAGCGTGAA-1","1"
"AAAGTCCGTGAGAGGG-1","1"
"AACAACCTCTGCGGCA-1","1"
"AACAAGAGTTCAAACC-1","1"
"AACACACTCATTTACC-1","1"
"AACCACACACGTACAT-1","1"
"AACCCAATCTCTGACC-1","1"
"AACCTTTAGCGGCTCT-1","1"
"AACGGGACAAATTGCC-1","1"
"AACGGGAGTTCATCTT-1","1"
"AAGAACAAGCATCCCG-1","1"
"AAGACAAAGAAAGCGA-1","1"
"AAGCCATGTGTCGATT-1","1"
"AAGCGTTAGTGAGTGC-1","1"
"AAGCGTTCATCATCCC-1","1"
"AAGTTCGTCGAAGGAC-1","1"
"AATCACGAGATACAGT-1","1"
"AATCGTGAGTATGTAG-1","1"
"AATCGTGGTGAGGATC-1","1"
"AATGAAGGTTGCTCGG-1","1"
"AATGGAACAAGACCGA-1","1"
"AATTCCTCACAAGCCC-1","1"
"AATTCCTCATGGATCT-1","1"
"AATTTCCAGGATATAC-1","1"
"ACAAAGAGTTGGAGAC-1","1"
"ACAACCACACTAAACC-1","1"
"ACAAGCTTCGCTGCGA-1","1"
"ACACAGTTCGTAACTG-1","1"
"ACACGCGGTTCCATTT-1","1"
"ACAGAAACAAATCGGG-1","1"
"ACAGAAAGTTTCTTAC-1","1"
"ACAGCCGGTCGGAAAC-1","1"
"ACATGCAAGTGAGGTC-1","1"
"ACATGCACACTGCATA-1","1"
"ACATTTCAGCAACCAG-1","1"
"ACCAAACGTGTGAATA-1","1"
"ACCAAACTCTACTATC-1","1"
"ACCACAAGTCATCTAG-1","1"
"ACCACAAGTCGGTAAG-1","1"
"ACCATTTCATTCAGCA-1","1"
"ACCCAAACAATACGCT-1","1"
"ACCCAAAGTGAGCAGT-1","1"
"ACCCTCACACTAAACC-1","1"
"ACCCTTGCACAGTACT-1","1"
"ACCCTTGGTTGGATCT-1","1"
"ACCTGTCCACACACTA-1","1"
"ACGATCAAGGTCGTAG-1","1"
"ACGCACGCAATACCTG-1","1"
"ACGGAAGTCTAGATCG-1","1"
"ACGGGTCTCCATTCAT-1","1"
"ACGGTCGAGATAGCTA-1","1"
"ACGTAACAGGCACGAT-1","1"
"ACGTAACCACACGGTC-1","1"
"ACGTAACCAGAGGTAC-1","1"
"ACGTTCCCATTCAGCA-1","1"
"ACGTTCCGTAGTTACC-1","1"
"ACTCCCATCTCACTCG-1","1"
"ACTGTGAAGGGAGGTG-1","1"
"ACTTAGGGTTCGAACT-1","1"
"ACTTCGCAGGCAGGGA-1","1"
"ACTTTCAGTAATGCGG-1","1"
"AGAAGTAGTGGGAGAG-1","1"
"AGACACTGTTGACTAC-1","1"
"AGACAGGAGAGTTGAT-1","1"
"AGACAGGCACTAAACC-1","1"
"AGACCCGAGCCATCCG-1","1"
"AGACCCGTCGGCCCAA-1","1"
"AGAGAATAGATCCTAC-1","1"
"AGAGAATAGCGCCTTG-1","1"
"AGAGAATTCCGCAGTG-1","1"
"AGAGCCCAGTGGATAT-1","1"
"AGATAGAGTACAAAGT-1","1"
"AGATGCTAGACTGAGC-1","1"
"AGATGCTAGTTTCTTC-1","1"
"AGATGCTTCACGGGCT-1","1"
"AGCATCAGTCGACGCT-1","1"
"AGCGTATCAACGGGTA-1","1"
"AGCTCAACACCTGCAG-1","1"
"AGCTCAAGTGTTCCAA-1","1"
"AGCTTCCCACCGGCTA-1","1"
"AGGAAATAGCTTTCTT-1","1"
"AGGACTTGTCCTACGG-1","1"
"AGGGAGTTCCTCGATC-1","1"
"AGGGCCTCATGTGTCA-1","1"
"AGGGCCTTCATGAGGG-1","1"
"AGGGCTCTCCGCTGTT-1","1"
"AGGGTTTGTCTGTGTA-1","1"
"AGGTAGGGTATCGTGT-1","1"
"AGGTCTATCCCTCTAG-1","1"
"AGGTCTATCCTCTAAT-1","1"
"AGGTGTTTCACTGCTC-1","1"
"AGGTGTTTCGTAGCCG-1","1"
"AGGTTACCACTGTCCT-1","1"
"AGGTTGTAGACATAAC-1","1"
"AGGTTGTCAGAGATGC-1","1"
"AGGTTGTGTTCGAACT-1","1"
"AGTAACCTCGTCCTCA-1","1"
"AGTACTGCACCGGCTA-1","1"
"AGTCAACAGAGAAGGT-1","1"
"AGTCACACAATACCTG-1","1"
"AGTCACACAGTTGTTG-1","1"
"AGTCATGTCGAGATAA-1","1"
"AGTCTCCCACCAGTTA-1","1"
"AGTGACTGTGTCCAAT-1","1"
"AGTGATCAGGTGCCTC-1","1"
"AGTTCCCGTATTCCGA-1","1"
"AGTTCCCTCTGAGCAT-1","1"
"ATAGACCGTCATCGCG-1","1"
"ATAGACCGTGCCTATA-1","1"
"ATATCCTGTTGGTACT-1","1"
"ATCACTTTCCGACATA-1","1"
"ATCCACCCACTTTAGG-1","1"
"ATCCATTGTATCTCTT-1","1"
"ATCCTATGTCACGTGC-1","1"
"ATCGGATCAAAGCTAA-1","1"
"ATCGGATTCTGAGCAT-1","1"
"ATCGTAGAGATCCTAC-1","1"
"ATCGTGAGTTTGGCTA-1","1"
"ATCTCTAAGAGAGCGG-1","1"
"ATCTTCACAGCAATTC-1","1"
"ATCTTCATCTGCGAGC-1","1"
"ATGACCAGTATGATCC-1","1"
"ATGAGGGAGAAGGGAT-1","1"
"ATGAGTCTCCTTCACG-1","1"
"ATGATCGCAACCTAAC-1","1"
"ATGCGATAGCGACTAG-1","1"
"ATGCGATCATATCTGG-1","1"
"ATGCGATTCGCTAATG-1","1"
"ATGGATCCATGGCGCT-1","1"
"ATGGGTTCACTTACAG-1","1"
"ATGGGTTTCCGGTAAT-1","1"
"ATGGTTGTCGTAGCTA-1","1"
"ATGTCCCTCAGATTGC-1","1"
"ATGTCTTTCCTCTAGC-1","1"
"ATTATCCAGATACAGT-1","1"
"ATTCATCGTCATCGGC-1","1"
"ATTCCCGCATGGAGAC-1","1"
"ATTCCTAAGAAACACT-1","1"
"ATTCCTAGTCAGACGA-1","1"
"ATTCTACAGGCTTTCA-1","1"
"ATTCTACTCATTGCTT-1","1"
"ATTTCTGCACTCAGAT-1","1"
"CAAAGAAAGACCTTTG-1","1"
"CAACAGTGTCTAGATC-1","1"
"CAACCAATCTCTCGCA-1","1"
"CAACCTCGTACGATCT-1","1"
"CAACCTCTCTCCCAAC-1","1"
"CAAGACTCAGTGCCTG-1","1"
"CAAGAGGCAAGCTGTT-1","1"
"CAAGCTAAGGTGCTAG-1","1"
"CAATCGAGTCGGATTT-1","1"
"CAATCGATCGAAGCCC-1","1"
"CACAACAGTGGTTCTA-1","1"
"CACAACAGTGTCCACG-1","1"
"CACAGATTCGGTAGGA-1","1"
"CACAGGCAGGAATGTT-1","1"
"CACGAATGTCTCGACG-1","1"
"CACGTTCCATACGCAT-1","1"
"CACTGAAAGGTTCTTG-1","1"
"CACTGTCAGCAGGCTA-1","1"
"CACTGTCGTCACTACA-1","1"
"CAGAGCCAGCGTTGTT-1","1"
"CAGAGCCAGTTCATCG-1","1"
"CAGAGCCTCTTAAGGC-1","1"
"CAGCAATAGCTTACGT-1","1"
"CAGCAGCCAAGGCAAC-1","1"
"CAGCAGCTCCCTCAAC-1","1"
"CAGCAGCTCTAAGGAA-1","1"
"CAGCCAGCACTCAGAT-1","1"
"CAGCCAGGTAGGAGGG-1","1"
"CAGGCCATCATGCCCT-1","1"
"CAGGGCTCATCAGTGT-1","1"
"CAGGGCTGTTTCCAAG-1","1"
"CATAAGCGTTGCGGAA-1","1"
"CATACTTGTGTGCTTA-1","1"
"CATCCACTCCACACCT-1","1"
"CATCCCAGTTAGAAGT-1","1"
"CATGCCTAGGCAGGTT-1","1"
"CATGCCTAGTGTACCT-1","1"
"CATGCGGGTCTACGAT-1","1"
"CATGCTCTCGCTGACG-1","1"
"CATTCATCACAAATGA-1","1"
"CATTCCGCATCCGCGA-1","1"
"CATTCCGGTTACAGCT-1","1"
"CATTGCCCAAGTGCTT-1","1"
"CATTGTTAGCACTCCG-1","1"
"CCAAGCGTCCTTGACC-1","1"
"CCACAAAAGGTAAAGG-1","1"
"CCACAAAGTAGTCGGA-1","1"
"CCACACTAGAGTCTGG-1","1"
"CCACACTAGCGCCTCA-1","1"
"CCACCATGTTCCCACT-1","1"
"CCACGAGCATGACTAC-1","1"
"CCACTTGAGATTGCGG-1","1"
"CCACTTGTCCGTGTCT-1","1"
"CCATAAGAGAGGATCC-1","1"
"CCATCACTCTTAGTTC-1","1"
"CCCAACTCACACGTGC-1","1"
"CCCGGAAAGACAACAT-1","1"
"CCCTAACTCCTCCACA-1","1"
"CCCTCTCGTGGCAACA-1","1"
"CCCTTAGCAGGCATTT-1","1"
"CCCTTAGGTGTTAGCT-1","1"
"CCGAACGTCATTACCT-1","1"
"CCGATCTGTCGTCAGC-1","1"
"CCGATGGCACACGTGC-1","1"
"CCGCAAGGTAGCTTAC-1","1"
"CCGGACATCGAGAATA-1","1"
"CCGGACATCGGCCTTT-1","1"
"CCGGTGAAGCAGATAT-1","1"
"CCGTTCAGTGTTCCTC-1","1"
"CCGTTCATCAATCGGT-1","1"
"CCTAACCCATGGGTCC-1","1"
"CCTATCGAGCTAGCCC-1","1"
"CCTATCGGTGTTTGCA-1","1"
"CCTATCGTCCGTGGCA-1","1"
"CCTCAACAGAGGTCGT-1","1"
"CCTCAACTCGGCATAT-1","1"
"CCTCACACACGTCGGT-1","1"
"CCTCACATCTGCTTTA-1","1"
"CCTCCTCCAGGAGGTT-1","1"
"CCTGCATTCAGCATTG-1","1"
"CCTTGTGGTACGTTCA-1","1"
"CCTTTGGTCGTTCCCA-1","1"
"CGAAGGATCTCTCGAC-1","1"
"CGACAGCTCCCAGCGA-1","1"
"CGAGGAAAGTCTGCGC-1","1"
"CGAGGAATCGATTGGT-1","1"
"CGAGGCTTCTTGGTGA-1","1"
"CGAGTGCTCTATTGTC-1","1"
"CGAGTTACATCGATAC-1","1"
"CGATCGGGTGTTCGTA-1","1"
"CGCAGGTAGTGCGACA-1","1"
"CGCATAAAGCACGGAT-1","1"
"CGCATAAAGCCATATC-1","1"
"CGCATAACATCAGTCA-1","1"
"CGCATAAGTTGCGGCT-1","1"
"CGCCAGATCCACAAGT-1","1"
"CGCCATTAGTGAACAT-1","1"
"CGCCATTAGTTAACGA-1","1"
"CGCCATTTCGGTAAGG-1","1"
"CGCGTGAGTCACCACG-1","1"
"CGCGTGATCAGGGATG-1","1"
"CGCGTGATCCACGAAT-1","1"
"CGGAACCTCGGACCAC-1","1"
"CGGAATTTCCAAGAGG-1","1"
"CGGAGAACATGTGCTA-1","1"
"CGGGACTCATCATCTT-1","1"
"CGGGTCAAGATAGTGT-1","1"
"CGGGTCACAGACAATA-1","1"
"CGGGTGTGTCTAGATC-1","1"
"CGGGTGTGTTAGGGAC-1","1"
"CGTAATGAGGCACAAC-1","1"
"CGTAATGCACTAGTAC-1","1"
"CGTAATGCAGTCCCGA-1","1"
"CGTCCATAGACCGTTT-1","1"
"CGTGAATCATCGCTAA-1","1"
"CGTGCTTGTGTATCCA-1","1"
"CGTGCTTTCCTAGCCT-1","1"
"CGTGTCTAGGTTTACC-1","1"
"CTACAGAAGCGAATGC-1","1"
"CTACGGGAGTAGGCCA-1","1"
"CTACTATCAGGCGTTC-1","1"
"CTATAGGGTCGCCTAG-1","1"
"CTATCCGGTGCACAAG-1","1"
"CTATCTATCTGCACCT-1","1"
"CTCAATTAGTAAACAC-1","1"
"CTCAATTGTACTAACC-1","1"
"CTCAATTTCTCCCATG-1","1"
"CTCAGAAGTATCACGT-1","1"
"CTCAGTCTCTCTCAAT-1","1"
"CTCAGTCTCTTCCTAA-1","1"
"CTCATCGTCTTCGATT-1","1"
"CTCCACAGTATCTCGA-1","1"
"CTCCCAAGTGGTCCCA-1","1"
"CTCCGATAGGCTTTCA-1","1"
"CTCCTCCGTAAGGAGA-1","1"
"CTCTCAGAGTCTAACC-1","1"
"CTGAATGGTCATTCCC-1","1"
"CTGATCCAGACCAAAT-1","1"
"CTGATCCGTTAAGGGC-1","1"
"CTGCCATCACCGTACG-1","1"
"CTGCCATGTAGCCAGA-1","1"
"CTGCCTAAGTAGATCA-1","1"
"CTGGACGTCCCGAATA-1","1"
"CTGGCAGAGACCCGCT-1","1"
"CTGGTCTAGGCGTCCT-1","1"
"CTGTACCCACGGCTAC-1","1"
"CTGTATTCAGACCGCT-1","1"
"CTGTGAAAGCCGTCGT-1","1"
"CTTAGGAAGCAGCAGT-1","1"
"CTTCAATAGCGAATGC-1","1"
"CTTCAATCAAGCGAAC-1","1"
"CTTTCAAGTAGCTTTG-1","1"
"GAAACCTTCTCTCTAA-1","1"
"GAACACTAGCCTCTCT-1","1"
"GAACTGTTCGATCCCT-1","1"
"GAAGCCCCATTGACTG-1","1"
"GAAGCCCGTTCGAAGG-1","1"
"GAAGCGAAGAAATTGC-1","1"
"GAAGCGACATAAGCAA-1","1"
"GAAGCGAGTCGTAATC-1","1"
"GAAGGACTCTGAATCG-1","1"
"GAAGTAAAGGTTTGAA-1","1"
"GAATAGAGTCCTTGTC-1","1"
"GACAGCCCATAGGCGA-1","1"
"GACCAATCAGTTGTCA-1","1"
"GACTATGAGGTTGCCC-1","1"
"GACTATGTCGCTGATA-1","1"
"GACTCAACAAAGGGCT-1","1"
"GACTGATCAGAGGTTG-1","1"
"GACTGATCAGCACAGA-1","1"
"GAGAAATAGACTGGGT-1","1"
"GAGAAATGTTTGGAGG-1","1"
"GAGACCCCACTCAAGT-1","1"
"GAGACTTGTACTGCGC-1","1"
"GAGATGGAGGTTCCAT-1","1"
"GAGCCTGAGGAATGTT-1","1"
"GAGCTGCGTTAGGCCC-1","1"
"GAGGCAAAGGTAACTA-1","1"
"GAGGCAAGTCCATCTC-1","1"
"GAGGCCTGTCTTTCAT-1","1"
"GAGGGATGTCTAACGT-1","1"
"GAGTGAGAGCAACTTC-1","1"
"GAGTGAGAGTGATAGT-1","1"
"GATAGAATCAACCGAT-1","1"
"GATAGCTGTGAAGCGT-1","1"
"GATCACATCTAACACG-1","1"
"GATCATGGTCTGTGAT-1","1"
"GATCGTAGTTGTGGAG-1","1"
"GATGGAGGTTAGGAGC-1","1"
"GATGTTGAGCCACAAG-1","1"
"GATTCGAAGCTAGAGC-1","1"
"GATTCTTAGTGCTCAT-1","1"
"GATTGGTGTCACCGAC-1","1"
"GCAACATTCCTACACC-1","1"
"GCAACCGGTTCCGTTC-1","1"
"GCACATATCATAGGCT-1","1"
"GCACATATCATTGGTG-1","1"
"GCACTAACATTACTCT-1","1"
"GCACTAATCTTGTGCC-1","1"
"GCAGCCATCTACACTT-1","1"
"GCAGTTATCGTCTCAC-1","1"
"GCCAGCAGTCATCGCG-1","1"
"GCCAGTGAGAGTAACT-1","1"
"GCCATGGCACACGTGC-1","1"
"GCCATTCGTTTCTTAC-1","1"
"GCCCGAAAGACGGATC-1","1"
"GCCGATGAGCGCCTAC-1","1"
"GCCGATGAGTCCCAAT-1","1"
"GCCGATGCAAAGAGTT-1","1"
"GCGATCGCATCAGCTA-1","1"
"GCGATCGTCCAGTGCG-1","1"
"GCGATCGTCCCTTTGG-1","1"
"GCGTGCAAGTCCTGCG-1","1"
"GCGTTTCGTATCCTTT-1","1"
"GCTACCTTCTTTGATC-1","1"
"GCTCAAACAATAGGGC-1","1"
"GCTCAAATCCTCATAT-1","1"
"GCTGCAGTCCATTCAT-1","1"
"GCTTTCGAGGATACCG-1","1"
"GCTTTCGTCCTCATAT-1","1"
"GGAATCTAGTATAGGT-1","1"
"GGAATGGGTTCGTTCC-1","1"
"GGAGAACTCTTCTCAA-1","1"
"GGAGATGAGACGCTCC-1","1"
"GGAGATGTCCTCTAAT-1","1"
"GGAGGATAGTCTAGAA-1","1"
"GGAGGATGTGACTCGC-1","1"
"GGGAGATGTTGTAGCT-1","1"
"GGGCGTTAGTACTGGG-1","1"
"GGGCGTTTCGGTGAAG-1","1"
"GGGTAGAGTCTTACAG-1","1"
"GGGTCACTCGCCTTTG-1","1"
"GGGTCTGGTTCTCACC-1","1"
"GGGTGTCGTGAGATTA-1","1"
"GGGTTATAGTCTACCA-1","1"
"GGGTTATGTTCCACAA-1","1"
"GGTAACTCATAGCACT-1","1"
"GGTCACGAGTAAAGCT-1","1"
"GGTGAAGAGATACATG-1","1"
"GGTGATTCACTAAACC-1","1"
"GGTGTCGCAGATACTC-1","1"
"GGTGTTATCCGTAGGC-1","1"
"GGTGTTATCGTGGCTG-1","1"
"GGTTAACCATGGTGGA-1","1"
"GGTTGTAGTTAGGCCC-1","1"
"GTAACACAGCGCAATG-1","1"
"GTAACACGTATGCGTT-1","1"
"GTAGAAACACAAGCTT-1","1"
"GTAGGAGGTAGTGCGA-1","1"
"GTAGTACTCTCCGAAA-1","1"
"GTATTGGCAACTGATC-1","1"
"GTATTGGCACGTGAGA-1","1"
"GTATTGGTCGGAAACG-1","1"
"GTATTTCCATCATCCC-1","1"
"GTCAAACAGCTACTGT-1","1"
"GTCAAACCACCTGATA-1","1"
"GTCAAACGTCCCTGAG-1","1"
"GTCCCATCAGGTAGTG-1","1"
"GTCCCATGTTCTCACC-1","1"
"GTCGCGAAGATACAGT-1","1"
"GTCGCGAGTAGCCAGA-1","1"
"GTCGTTCCAAGACTGG-1","1"
"GTCGTTCCAAGGTACG-1","1"
"GTCGTTCGTTAAACAG-1","1"
"GTCTACCTCTCGGGAC-1","1"
"GTCTAGACACGTTGGC-1","1"
"GTCTGTCTCTCTATGT-1","1"
"GTCTTTATCTCCCATG-1","1"
"GTGACGCCATGCTGCG-1","1"
"GTGCAGCGTCAAGCCC-1","1"
"GTGCAGCGTGAGAACC-1","1"
"GTGCGTGGTTCCCACT-1","1"
"GTGCTGGTCCTTCAGC-1","1"
"GTGGAAGGTCCTACAA-1","1"
"GTGGAGACACCCTGTT-1","1"
"GTGGCGTTCAGACCCG-1","1"
"GTGGGAAAGGAATCGC-1","1"
"GTGGTTAGTTCCGTTC-1","1"
"GTGGTTATCTGTCGCT-1","1"
"GTGTGATTCTTAGCTT-1","1"
"GTGTGGCGTTTCGCTC-1","1"
"GTGTTAGGTCACATTG-1","1"
"GTGTTAGGTGCCGTTG-1","1"
"GTTACCCCAGGGAGAG-1","1"
"GTTACGACACGCGCTA-1","1"
"GTTAGACGTAGGCTCC-1","1"
"GTTAGTGGTAGGAGGG-1","1"
"GTTCATTGTATGTGTC-1","1"
"GTTCCGTCACTGCGTG-1","1"
"GTTCGCTTCGTTATCT-1","1"
"GTTCTATAGCGCGTTC-1","1"
"GTTGAACAGGCAGGTT-1","1"
"GTTGCGGTCTAGTTCT-1","1"
"GTTGCTCGTTCAGTAC-1","1"
"GTTGTAGTCGGTGTTA-1","1"
"GTTGTCCAGGTGCTTT-1","1"
"GTTGTGATCCAGTACA-1","1"
"GTTTACTCACTAGTAC-1","1"
"GTTTGGACAGAGTAAT-1","1"
"GTTTGGATCGAGATAA-1","1"
"TAACACGGTGTCTTGA-1","1"
"TAACACGGTGTCTTGA-1","1"
"TAAGCACTCAGCGCAC-1","1"
"TAAGTCGCATGGGTCC-1","1"
"TAATTCCGTTTCTATC-1","1"
"TACACCCCACGACGCT-1","1"
"TACAGGTAGTAATACG-1","1"
"TACAGGTCATATGCGT-1","1"
"TACCCACGTTAGGGAC-1","1"
"TACCGAAGTCGGTGTC-1","1"
"TACCGAATCCGTGTAA-1","1"
"TACCTCGTCGGCTGGT-1","1"
"TACGCTCAGGACAGTC-1","1"
"TACGCTCAGTTCCGGC-1","1"
"TACGTCCCAATTGAAG-1","1"
"TACTTCATCAAGAAAC-1","1"
"TACTTGTTCCCTTGGT-1","1"
"TAGACCACAATGTTGC-1","1"
"TAGACTGCAAGACGGT-1","1"
"TAGACTGGTCACAGTT-1","1"
"TAGAGTCCACTTGAGT-1","1"
"TAGCACAAGCGTATGG-1","1"
"TAGCACAGTAGAATAC-1","1"
"TAGGAGGAGATTGTGA-1","1"
"TAGGTACGTATACAGA-1","1"
"TAGGTACGTCAGACTT-1","1"
"TAGGTTGGTGGAAGTC-1","1"
"TAGGTTGGTTAGAAGT-1","1"
"TAGTGCATCACCTGGG-1","1"
"TATACCTAGCTAAACA-1","1"
"TATATCCAGCGTTCAT-1","1"
"TATCAGGTCTCATGGA-1","1"
"TATCGCCGTGGTATGG-1","1"
"TCAAGTGAGCTGGTGA-1","1"
"TCAAGTGGTAGTCTTG-1","1"
"TCAATTCCAATGTCAC-1","1"
"TCAATTCTCGGCCCAA-1","1"
"TCACAAGAGGAAAGTG-1","1"
"TCACAAGCAAACTAGA-1","1"
"TCACACCAGGTATCTC-1","1"
"TCACGCTGTCTCACAA-1","1"
"TCACGCTTCTGCCTGT-1","1"
"TCACTATTCTGGACCG-1","1"
"TCAGCAATCCCTCTAG-1","1"
"TCAGGTAGTGCTGATT-1","1"
"TCAGTGAGTCCCACGA-1","1"
"TCAGTGAGTTAAGGAT-1","1"
"TCATACTCACTACACA-1","1"
"TCATACTGTAGTCGTT-1","1"
"TCATACTGTTTGAAAG-1","1"
"TCATGAGTCAGCCTTC-1","1"
"TCATGCCCAAAGTGTA-1","1"
"TCATGGATCCTATGGA-1","1"
"TCATTACCATAAGCAA-1","1"
"TCATTTGAGTGAACAT-1","1"
"TCATTTGCATGTTACG-1","1"
"TCCAGAAGTTCCGCTT-1","1"
"TCCATGCAGACGATAT-1","1"
"TCCATGCTCTGATGGT-1","1"
"TCCCACAAGTAGCCAG-1","1"
"TCCCACACAGACCATT-1","1"
"TCCCACAGTACAGGTG-1","1"
"TCCCAGTCAGTGCCTG-1","1"
"TCCCAGTCATGATGCT-1","1"
"TCCCAGTGTAGTGGCA-1","1"
"TCCGAAACAGGGTTGA-1","1"
"TCCGAAACAGTAGGAC-1","1"
"TCCGTGTCATTGTGCA-1","1"
"TCCTAATAGTCCTGTA-1","1"
"TCCTAATTCAGAACCT-1","1"
"TCCTCTTAGACTGAGC-1","1"
"TCCTCTTAGCTCGGCT-1","1"
"TCCTGCATCAGTGTTG-1","1"
"TCCTTCTGTATTGGCT-1","1"
"TCCTTTCTCGGTTCAA-1","1"
"TCGATTTCATTGAAAG-1","1"
"TCGCAGGTCATGCATG-1","1"
"TCGCTTGGTAACGTTC-1","1"
"TCGGATAAGGCAGGTT-1","1"
"TCGGTCTCAAGTGCAG-1","1"
"TCGTAGACAACAAGTA-1","1"
"TCTACATGTCGACTTA-1","1"
"TCTATACAGGCCCAAA-1","1"
"TCTATACAGGCTTAGG-1","1"
"TCTATCAGTTAAGCAA-1","1"
"TCTCAGCAGGGCAGTT-1","1"
"TCTCTGGTCGATACTG-1","1"
"TCTGGCTAGAGTCTGG-1","1"
"TCTGGCTGTCAGTCCG-1","1"
"TCTGTCGAGAAATGGG-1","1"
"TCTTAGTAGGTGCCTC-1","1"
"TCTTCCTGTAGCCCTG-1","1"
"TCTTCCTGTCTACGTA-1","1"
"TCTTCCTTCACAGTGT-1","1"
"TGAACGTAGTTCTACG-1","1"
"TGAATCGGTCAATGGG-1","1"
"TGAATCGGTGAGGAAA-1","1"
"TGACCCTGTAAGTTGA-1","1"
"TGACTCCTCCGCAACG-1","1"
"TGAGCATCACGTAGTT-1","1"
"TGAGCATCAGCAGAAC-1","1"
"TGAGCATGTACTGAGG-1","1"
"TGAGCGCAGGCAGGGA-1","1"
"TGAGGAGCACTGCTTC-1","1"
"TGAGGGAGTGTGCCTG-1","1"
"TGAGGGATCCTGCCAT-1","1"
"TGAGTCAAGTAGGATT-1","1"
"TGATCAGAGCACCTGC-1","1"
"TGCACGGTCTCCTACG-1","1"
"TGCATCCTCAGCTGTA-1","1"
"TGCGACGGTATACCTG-1","1"
"TGCGACGGTCGACTTA-1","1"
"TGCGGCAAGCAAGGAA-1","1"
"TGCGGCACAACAGAGC-1","1"
"TGCTCCATCAGCGCGT-1","1"
"TGCTTCGCATAGACTC-1","1"
"TGCTTGCTCCGTTGAA-1","1"
"TGGCGTGAGAATAACC-1","1"
"TGGGATTGTGACTCTA-1","1"
"TGGGCGTTCTCTCTTC-1","1"
"TGGGTTAGTAAGACCG-1","1"
"TGGTACAAGGTGCTTT-1","1"
"TGGTGATGTAGACAAT-1","1"
"TGGTGATTCAGCGCGT-1","1"
"TGGTTAGAGTAGTCAA-1","1"
"TGTACAGTCCACGTCT-1","1"
"TGTGAGTTCACAAGAA-1","1"
"TGTGATGCAAGGTCTT-1","1"
"TGTTACTGTCTGTCCT-1","1"
"TGTTCCGAGACTACCT-1","1"
"TGTTGAGAGTATGTAG-1","1"
"TGTTGGATCATTACTC-1","1"
"TTACCGCGTGAGCAGT-1","1"
"TTACTGTAGCGACATG-1","1"
"TTAGTCTCATCCGAGC-1","1"
"TTCAATCCAAAGCAAT-1","1"
"TTCAATCCACTCAAGT-1","1"
"TTCATTGGTTAAGAAC-1","1"
"TTCCAATCACCGTCTT-1","1"
"TTCCAATCATTAAAGG-1","1"
"TTCCACGAGACTCGAG-1","1"
"TTCCGTGAGACGGTCA-1","1"
"TTCCGTGCATGTCGTA-1","1"
"TTCGATTCAACAAGAT-1","1"
"TTCGCTGCAAGTATAG-1","1"
"TTCGGTCCATGACTAC-1","1"
"TTCTAACTCGGTCATA-1","1"
"TTCTTCCCACTTGGGC-1","1"
"TTGAGTGAGATACCAA-1","1"
"TTGAGTGCATGCACTA-1","1"
"TTGAGTGTCTTTCCGG-1","1"
"TTGATGGGTCGAAGCA-1","1"
"TTGATGGTCAGCGCGT-1","1"
"TTGGATGAGGTTCCGC-1","1"
"TTGGGATCAACGGGTA-1","1"
"TTGGGCGAGTAACAGT-1","1"
"TTGGGTAGTCTGTGTA-1","1"
"TTGGTTTTCGTGGGAA-1","1"
"TTGTTGTGTGTGTGGA-1","1"
"TTTAGTCCACCGTGCA-1","1"
"TTTCCTCTCATCAGTG-1","1"
"TTTCGATGTGACTAAA-1","1"
"TTTGGAGAGGTGAGAA-1","1"
"TTTGGTTGTCATTCCC-1","1"
"TTTGTTGTCGGCATTA-1","1"
"AAACCCAAGCGTTCCG-1","2"
"AAACCCAGTGTATCCA-1","2"
"AAACGAACATGACCCG-1","3"
"AAACGCTTCTCCGCAT-1","2"
"AAAGGATCACGTATAC-1","2"
"AAAGGGCCACGGGCTT-1","3"
"AAAGGGCTCTGTCAGA-1","2"
"AAAGTCCCAGTCGCTG-1","3"
"AACAAAGGTACTGAGG-1","3"
"AACAACCCAACCCTCT-1","3"
"AACAACCGTCCCAAAT-1","3"
"AACACACTCGGATTAC-1","2"
"AACCCAACAGCCGTCA-1","2"
"AACGAAAGTGTCCAAT-1","2"
"AACGGGACAGTCAACT-1","3"
"AACGTCATCCCATTCG-1","3"
"AAGACTCGTCCTCATC-1","2"
"AAGCATCTCACGATAC-1","3"
"AATAGAGTCACAGAGG-1","3"
"AATCGTGAGTGAATAC-1","2"
"AATGAAGTCCCTCGAT-1","2"
"AATGACCGTTTACCAG-1","3"
"AATTCCTAGCGACTTT-1","2"
"ACACAGTCAATACCTG-1","2"
"ACACGCGGTCGGAACA-1","3"
"ACACTGAGTACGCTTA-1","2"
"ACAGAAAAGAAATCCA-1","2"
"ACAGGGAGTTGCACGC-1","3"
"ACATTTCCATGTTACG-1","2"
"ACCAAACCATCGTGCG-1","3"
"ACCCAAACACACCGCA-1","3"
"ACCCTCATCGCCCAGA-1","3"
"ACGGAAGCAAGCGAAC-1","3"
"ACGGTCGGTTCTTGTT-1","2"
"ACGGTTATCTTGTGCC-1","2"
"ACGTAACGTATGCGGA-1","2"
"ACGTCCTAGATGGGCT-1","2"
"ACTACGAGTGTTCATG-1","3"
"ACTATCTCATCGAGCC-1","2"
"ACTCTCGCAGCGTAGA-1","3"
"ACTGATGAGGGACTGT-1","2"
"ACTGATGTCCGAGAAG-1","3"
"ACTGCAATCCCGGTAG-1","2"
"ACTTATCCAGGTGACA-1","3"
"ACTTATCTCAGATTGC-1","3"
"ACTTCCGGTGAGGAAA-1","3"
"ACTTTCAGTGACCTGC-1","2"
"ACTTTGTGTTCCTAAG-1","3"
"AGAACCTCAGCTTTCC-1","2"
"AGACACTGTTTACTTC-1","3"
"AGAGAATCAGTCAGTT-1","3"
"AGAGCCCTCAAAGGAT-1","3"
"AGCCAATCATAGGCGA-1","3"
"AGCCACGCAGCACGAA-1","2"
"AGCGCTGCAGTAACAA-1","3"
"AGCGTATTCCGGACGT-1","3"
"AGCGTCGGTTCTCGTC-1","2"
"AGCTTCCAGATCCTAC-1","2"
"AGGAAATCAACGATTC-1","2"
"AGGACTTAGTACAGAT-1","2"
"AGGATCTAGTCATACC-1","2"
"AGGCATTGTAATGATG-1","2"
"AGGCATTTCTGTGCAA-1","2"
"AGGCCACGTTACCCAA-1","2"
"AGGCCACTCTTTGCGC-1","2"
"AGGGCCTTCTCATTGT-1","3"
"AGGGTCCAGCATGCAG-1","2"
"AGGGTTTAGAGTGTGC-1","3"
"AGGGTTTTCCACAAGT-1","2"
"AGGGTTTTCTAGCATG-1","2"
"AGGTGTTGTTGATGTC-1","3"
"AGTACTGAGGCGAAGG-1","3"
"AGTACTGTCACGAGGA-1","3"
"AGTCACAAGTTGCCCG-1","2"
"AGTCTCCTCCAATCTT-1","3"
"AGTGATCGTTCTGAGT-1","2"
"AGTGATCTCAATGCAC-1","2"
"ATACCGAAGTGTTGTC-1","3"
"ATACTTCCATCCTAAG-1","3"
"ATAGGCTAGTAGGGTC-1","3"
"ATCACGACATCATTTC-1","2"
"ATCACTTTCAACGAGG-1","3"
"ATCCATTCAGAACCGA-1","3"
"ATCCATTTCATACGGT-1","3"
"ATCCCTGCAGCTTTCC-1","2"
"ATCGCCTAGAAGTCTA-1","3"
"ATCGGCGTCAAGTCTG-1","2"
"ATCTTCAAGGTATCTC-1","3"
"ATGACCATCTACCAGA-1","3"
"ATGCCTCTCACGATCA-1","2"
"ATGGGAGCATGGCACC-1","3"
"ATGGGTTCACCGTCGA-1","2"
"ATGGGTTCAGAACTCT-1","2"
"ATGTCCCGTACGGCAA-1","2"
"ATTACCTTCTTACACT-1","2"
"ATTATCCGTGCTATTG-1","3"
"ATTCCATGTACGGCAA-1","3"
"ATTCGTTTCCTGTACC-1","2"
"ATTCTACCATCCTCAC-1","2"
"ATTCTTGGTCTTTCTA-1","3"
"ATTTCTGCACTCCGGA-1","3"
"ATTTCTGGTCACTACA-1","2"
"CAACAGTCAACAGTGG-1","3"
"CAAGACTGTAACACGG-1","2"
"CAAGAGGGTGTCATTG-1","3"
"CACACAAGTGGGATTG-1","2"
"CACAGGCTCCCTATTA-1","2"
"CACGTTCTCACTTTGT-1","3"
"CACTAAGGTTTCGCTC-1","2"
"CACTGTCTCGACCCAG-1","3"
"CACTTCGAGATTGATG-1","2"
"CAGAGCCGTGTGTCGC-1","3"
"CAGCAATTCGACCTAA-1","2"
"CAGCCAGGTTCTCCAC-1","3"
"CAGCGTGAGACAGCTG-1","2"
"CAGGTATCAACAGCTT-1","3"
"CATAGACTCATTACCT-1","2"
"CATCAAGTCTTTCAGT-1","3"
"CATCCACAGAAGGGAT-1","2"
"CATCCCAAGGAGCTGT-1","2"
"CATCCCAAGTAGAGTT-1","2"
"CATCGCTTCGTGGGTC-1","3"
"CATGCAATCGGTGAAG-1","3"
"CATGCCTTCGCTTGCT-1","3"
"CATGCTCGTGTGTCGC-1","2"
"CATTCATGTCTTCCGT-1","2"
"CATTCTATCTAACGCA-1","3"
"CATTGAGGTGTGTACT-1","3"
"CATTGCCGTCAAGCCC-1","3"
"CATTGTTAGTCTGGAG-1","3"
"CATTTCAAGCCGAACA-1","2"
"CCACTTGAGCAGGCAT-1","2"
"CCCAACTGTGTAGGAC-1","3"
"CCCATTGGTGCTTCAA-1","3"
"CCCGAAGTCATAAGGA-1","3"
"CCGATGGCACCCAACG-1","3"
"CCGATGGTCCAACCAA-1","2"
"CCGGACAGTACGCTTA-1","3"
"CCGGGTATCTCCGTGT-1","3"
"CCGTAGGAGGTGAGAA-1","2"
"CCGTGAGTCAGTGTTG-1","2"
"CCTAAGACACGTACAT-1","3"
"CCTGTTGGTCACTTAG-1","2"
"CCTGTTGTCTATTTCG-1","2"
"CCTTGTGGTAACGTTC-1","2"
"CGAAGGACAGGAATAT-1","2"
"CGAGAAGGTCGGCCTA-1","2"
"CGAGTTACAAGATGGC-1","2"
"CGAGTTATCAAGTTGC-1","2"
"CGCCAGATCTTCACGC-1","2"
"CGCCATTTCAAGGACG-1","2"
"CGGCAGTTCCACATAG-1","3"
"CGGTCAGGTCTGCAAT-1","3"
"CGTCAAAAGCATTTGC-1","2"
"CGTGCTTCAGAACCGA-1","3"
"CGTTAGATCGAGATGG-1","2"
"CTAACCCAGCTGCGAA-1","2"
"CTAACTTCAATTCTCT-1","3"
"CTACGGGGTACAAAGT-1","2"
"CTATCCGCAGCAGATG-1","2"
"CTATCCGGTGGATGAC-1","3"
"CTATCTAAGGCACGAT-1","3"
"CTCAAGAAGGGTTGCA-1","3"
"CTCAGGGCAGAACTCT-1","2"
"CTCATCGCATGACGAG-1","3"
"CTCCATGAGGGTTAAT-1","3"
"CTCCATGTCGTAGGAG-1","2"
"CTCCGATCACCCAAGC-1","2"
"CTCCGATGTGGATCGA-1","2"
"CTCCTCCGTGGATCAG-1","2"
"CTCCTTTAGAAATGGG-1","3"
"CTCGAGGCAGGAGGAG-1","2"
"CTGAGCGAGGCGACAT-1","3"
"CTGCATCCAAGTCCCG-1","2"
"CTGCCATTCGGTCGAC-1","2"
"CTGCGAGAGGACTATA-1","3"
"CTGTAGACAGAGTAAT-1","2"
"CTGTGAATCCACAGCG-1","2"
"CTTACCGGTCTTAGTG-1","2"
"CTTAGGAAGACTTCCA-1","2"
"CTTCCGACAACTGATC-1","2"
"CTTCCTTTCCGCACGA-1","2"
"CTTCTCTCATAAGCAA-1","2"
"GAAACCTAGTCAACAA-1","2"
"GAACACTTCAGCACCG-1","2"
"GAACTGTGTAGTCGGA-1","2"
"GAAGAATAGACATAAC-1","2"
"GAAGTAAGTAGTGCGA-1","2"
"GAAGTAAGTATTAAGG-1","2"
"GACATCAAGAAATGGG-1","2"
"GACGTTAGTGAGGCAT-1","2"
"GACTCAACATACAGCT-1","3"
"GACTCTCTCACGTAGT-1","3"
"GACTCTCTCTAACGCA-1","2"
"GACTGATAGACGCTCC-1","2"
"GACTGATGTTTGGCTA-1","3"
"GAGACCCAGGACGCTA-1","2"
"GAGACCCAGGCCCAAA-1","2"
"GAGCTGCAGTGTTCCA-1","3"
"GAGCTGCTCCTCCACA-1","2"
"GAGTTTGCAGAGTGAC-1","3"
"GATAGCTCATATGGCT-1","2"
"GATCATGGTCGTTGGC-1","3"
"GATGACTCACTGAGGA-1","2"
"GATGATCCACTCGATA-1","3"
"GATGCTAGTGTCCATA-1","2"
"GATTCTTAGTGTTCCA-1","3"
"GATTGGTGTCTTTCAT-1","2"
"GCAACATGTCCCTAAA-1","3"
"GCACGTGGTGACTAAA-1","2"
"GCACGTGTCTCTATGT-1","3"
"GCAGCTGCATTCTTCA-1","3"
"GCAGTTAGTGGCCTCA-1","3"
"GCATCGGCAAACTAAG-1","2"
"GCATCTCTCCTTCGAC-1","2"
"GCCATGGCAATTGTGC-1","2"
"GCCGTGATCGAGAAGC-1","3"
"GCCTGTTGTTTCACAG-1","3"
"GCGAGAACATGTAACC-1","2"
"GCTACCTGTGACAGCA-1","2"
"GCTGCAGGTAGAGTTA-1","3"
"GCTGGGTGTCGAGCAA-1","2"
"GCTTCACAGACCAAGC-1","2"
"GCTTCACAGCACCAGA-1","2"
"GCTTGGGTCCGTGGTG-1","2"
"GGAAGTGTCGCAGTGC-1","2"
"GGAATGGCAAGATTGA-1","2"
"GGAATGGTCAGAGCGA-1","2"
"GGACGTCTCCGGCAAC-1","3"
"GGAGGTACACAACATC-1","2"
"GGCAGTCAGGCATTTC-1","2"
"GGCAGTCCAGCTATAC-1","2"
"GGCGTCACAGCAGTGA-1","2"
"GGCTGTGGTCCGTACG-1","2"
"GGGACCTGTAATCAGA-1","2"
"GGGCGTTAGTGGAAAG-1","2"
"GGGCGTTGTAGCACAG-1","3"
"GGGTCACGTTCAGTAC-1","2"
"GGGTCTGTCACCGACG-1","2"
"GGGTTTACACATATGC-1","2"
"GGGTTTATCAACGCTA-1","2"
"GGGTTTATCTCTTGCG-1","3"
"GGTAGAGTCCTTGAAG-1","3"
"GGTGATTGTATGCTAC-1","3"
"GGTGTTACAAGCGCAA-1","2"
"GGTGTTACATAACAGA-1","2"
"GGTTCTCAGGGCAGTT-1","2"
"GTAACACCAGAGTGAC-1","2"
"GTAATCGTCGGACGTC-1","2"
"GTAATGCTCTAGTCAG-1","2"
"GTACAACCAGCACGAA-1","3"
"GTACAGTGTCGCTGCA-1","2"
"GTAGAAAAGGGTTTCT-1","2"
"GTAGAGGGTAGTATAG-1","2"
"GTAGCTAAGCCTCTCT-1","2"
"GTAGTACAGATCCTAC-1","2"
"GTATTTCCAAAGCTAA-1","3"
"GTCAAGTAGCACCGTC-1","2"
"GTCACGGAGTTGGGAC-1","2"
"GTCACGGCACGGTGCT-1","2"
"GTCACTCAGCTACAAA-1","2"
"GTCATTTCACAAGCAG-1","3"
"GTCGTAAAGGGAGTGG-1","3"
"GTCGTTCCAGCTTCCT-1","2"
"GTCTACCTCTCCCTAG-1","2"
"GTGACGCTCATGACAC-1","2"
"GTGAGCCGTTGCCAAT-1","2"
"GTGAGGACACACACTA-1","2"
"GTGCGTGAGAGTATAC-1","3"
"GTGCTGGCATGCCATA-1","3"
"GTGGAAGCAATACAGA-1","3"
"GTGGTTACAGCAGAAC-1","3"
"GTGTAACAGCGCACAA-1","2"
"GTGTCCTGTTCTAAGC-1","3"
"GTGTGATTCCTTGACC-1","2"
"GTTACCCTCGTAACAC-1","2"
"GTTACGAGTCGCTTAA-1","3"
"GTTAGTGCACTATCCC-1","3"
"GTTCATTCAATACGAA-1","2"
"GTTGCGGCAGTCGGTC-1","2"
"GTTGCGGTCATCTACT-1","2"
"TAACACGAGGAAAGAC-1","2"
"TAACACGTCCATACTT-1","3"
"TACCCGTGTATCACGT-1","3"
"TACCGAAAGGCTCACC-1","3"
"TACCGGGGTAAGCTCT-1","2"
"TACCTCGAGGTTAAAC-1","2"
"TACCTCGGTCGGAAAC-1","2"
"TACCTCGGTGATCATC-1","2"
"TACCTGCAGGCTTAGG-1","3"
"TACGGGCGTTTACCAG-1","2"
"TACTGCCCATGACGGA-1","3"
"TACTTCATCTATTTCG-1","2"
"TAGACCAAGACGGTTG-1","3"
"TAGATCGAGCCTGAAG-1","3"
"TAGGGTTGTCACATTG-1","2"
"TAGTGCATCTGGGATT-1","2"
"TATCAGGCAAGGATGC-1","2"
"TATCAGGGTTAAGGGC-1","2"
"TATCGCCAGCACTAGG-1","3"
"TATGTTCTCCTAGCTC-1","2"
"TATTTCGGTCGCACAC-1","2"
"TCAATCTTCGCAATTG-1","2"
"TCAATTCGTTTATGCG-1","3"
"TCACATTGTCTGATAC-1","3"
"TCACGCTAGCAACAGC-1","3"
"TCACGGGTCGAAGAAT-1","2"
"TCACTATCATCCTGTC-1","2"
"TCAGTTTAGATTAGCA-1","3"
"TCATATCTCTGCGTCT-1","3"
"TCATGGACAAAGGCAC-1","2"
"TCATGTTAGTGTTGTC-1","2"
"TCATTGTGTATGCTAC-1","2"
"TCCCACATCTCGGTCT-1","2"
"TCCGAAAAGCTCGGCT-1","2"
"TCCGAAACACACAGCC-1","2"
"TCCGTGTGTGAGCCAA-1","3"
"TCCGTGTTCACGGACC-1","2"
"TCCTAATGTTCAAGTC-1","3"
"TCCTCCCGTAGGGAGG-1","2"
"TCCTCGAAGAGTGTTA-1","3"
"TCCTGCAAGGATACCG-1","2"
"TCCTTTCGTCATTCCC-1","2"
"TCGAAGTTCACTAGCA-1","2"
"TCGATTTCACACAGCC-1","3"
"TCGCACTAGCGTCAGA-1","2"
"TCGCACTAGTTTGGCT-1","3"
"TCGGGCAGTTGTATGC-1","3"
"TCGGGTGAGACCCGCT-1","3"
"TCGGGTGAGGTAGCAC-1","2"
"TCGGTCTAGTCTGGTT-1","3"
"TCGGTCTGTATCAAGA-1","3"
"TCGGTCTGTGGTTCTA-1","2"
"TCGGTCTTCCAAGGGA-1","3"
"TCGTAGACAGGCAATG-1","2"
"TCGTCCAAGACTTCAC-1","3"
"TCGTCCAGTGAAAGTT-1","2"
"TCTACCGAGAGTCAGC-1","2"
"TCTATCACATGACCCG-1","3"
"TCTCAGCCAGCTCATA-1","3"
"TCTCTGGAGGCACTCC-1","2"
"TCTGGCTCAGATCCAT-1","2"
"TCTTTGACAAAGGAGA-1","2"
"TGAACGTAGGTTGTTC-1","2"
"TGAACGTCATCCTAAG-1","2"
"TGAATGCTCTGGCTGG-1","2"
"TGACCCTTCTCATTAC-1","3"
"TGAGCGCTCCATTTGT-1","2"
"TGAGGTTAGACACACG-1","2"
"TGATCAGCACCCTGTT-1","2"
"TGATTTCCACGTCTCT-1","2"
"TGCACGGAGAGTTGTA-1","2"
"TGCACGGGTCGATTCA-1","2"
"TGCATCCGTCTTCATT-1","2"
"TGCCGAGGTGAATGTA-1","2"
"TGCCGAGGTGGCAACA-1","2"
"TGCGACGAGTCGAGGT-1","2"
"TGCTCCATCCGTGTGG-1","3"
"TGGAGAGCAAGCCTGC-1","2"
"TGGAGAGGTCGCATCG-1","2"
"TGGAGGATCGACCATA-1","2"
"TGGGAAGCAGAAGTTA-1","2"
"TGGGAGAGTTATGGTC-1","2"
"TGTACAGCAAACCGGA-1","2"
"TGTCCACAGCGATTCT-1","3"
"TGTGAGTAGTTGGAGC-1","2"
"TGTGGCGTCTCTTAAC-1","2"
"TGTTCATTCCGATAAC-1","3"
"TTACAGGAGTGGGAAA-1","3"
"TTACAGGGTCACATTG-1","2"
"TTACCATGTGATATAG-1","3"
"TTACCATTCCTATGGA-1","2"
"TTACCGCTCAGGTAAA-1","3"
"TTACTGTGTAAGATCA-1","2"
"TTCACGCCAAATTAGG-1","2"
"TTCCACGAGATACAGT-1","2"
"TTCCGTGCACTGCTTC-1","3"
"TTCCTTCGTGCGAGTA-1","2"
"TTCTAGTGTCAAGGCA-1","3"
"TTCTGTAAGTTGTAAG-1","2"
"TTCTGTACAGACAAAT-1","3"
"TTCTGTAGTGTAGGAC-1","3"
"TTGAACGTCCTCTCTT-1","2"
"TTGAGTGAGAACTTCC-1","3"
"TTGAGTGGTTCAGCGC-1","2"
"TTGTGGACAGGGATAC-1","3"
"TTGTTCATCTTAGCCC-1","2"
"TTTACGTCACTCCTGT-1","2"
"TTTACGTGTAGGAAAG-1","2"
"TTTGGTTCAGAAGCGT-1","2"
"AAACCCAGTTCCGGTG-1","4"
"AAACGAATCACACCCT-1","4"
"AAACGCTAGTTACGGG-1","4"
"AAACGCTTCGCCGAGT-1","4"
"AAAGAACTCCGGTAAT-1","4"
"AAAGAACTCTTCCTAA-1","4"
"AAAGGATCATGGACAG-1","4"
"AAAGGTAGTCGTGGTC-1","4"
"AAATGGAAGTTACGTC-1","4"
"AAATGGACAATCGAAA-1","4"
"AACAACCAGACTTGTC-1","4"
"AACAACCCATGTTCAG-1","4"
"AACCAACCACCGTGGT-1","4"
"AACCATGCACGGATCC-1","4"
"AACCTGAGTTGTGCAT-1","4"
"AACCTGATCTCTCCGA-1","4"
"AACGGGAAGAGAGGGC-1","4"
"AACGTCACACAAACGG-1","4"
"AAGACTCGTCGAAGCA-1","4"
"AAGATAGGTTCGTTCC-1","4"
"AAGCATCTCACCTCAC-1","4"
"AAGCGAGAGCTGTCCG-1","4"
"AAGGAATAGGAACGCT-1","4"
"AAGTACCAGATTCGCT-1","4"
"AAGTCGTTCCGATGTA-1","4"
"AAGTGAAAGCTCGTGC-1","4"
"AATAGAGCAGCGACAA-1","4"
"AATAGAGTCCCGAGTG-1","4"
"AATCACGGTGTTACAC-1","4"
"AATGACCTCATGCAGT-1","4"
"AATGACCTCTTCGTGC-1","4"
"AATGCCAGTTCACGAT-1","4"
"AATGGAAGTTCTGAGT-1","4"
"AATGGCTGTTCAGTAC-1","4"
"AATTTCCTCATTACCT-1","4"
"ACACAGTCAGAGGCAT-1","4"
"ACACAGTGTAAGATAC-1","4"
"ACACCAAAGTAGACCG-1","4"
"ACAGAAAGTTAAGTCC-1","4"
"ACATCCCAGGTAGCCA-1","4"
"ACATCCCGTATTGACC-1","4"
"ACATCCCTCGAGAATA-1","4"
"ACATTTCGTTCCACAA-1","4"
"ACCAACACACAAGCTT-1","4"
"ACCCAAAAGGCAGGTT-1","4"
"ACCCAAACAATAACCC-1","4"
"ACCCAAAGTATGGAGC-1","4"
"ACCCTCACACTCACTC-1","4"
"ACCTGTCGTCTAGTGT-1","4"
"ACGATCACAAGCTGTT-1","4"
"ACGATGTGTTGGGAAC-1","4"
"ACGGTCGAGTCGTCTA-1","4"
"ACGGTTAAGTTACGTC-1","4"
"ACGTAGTGTTACCTGA-1","4"
"ACTATCTTCAGAGCGA-1","4"
"ACTATTCAGCGGACAT-1","4"
"ACTATTCGTAAGGCCA-1","4"
"ACTATTCTCATTTACC-1","4"
"ACTCTCGAGCTTGTGT-1","4"
"ACTGTGACAGCGCTTG-1","4"
"ACTGTGATCCGCGAGT-1","4"
"ACTTAGGGTACATACC-1","4"
"ACTTAGGGTCAGATTC-1","4"
"ACTTCCGAGCAGGCTA-1","4"
"ACTTCGCGTAGTGGCA-1","4"
"ACTTCGCTCATGTCAG-1","4"
"AGAACAAAGGGAGTTC-1","4"
"AGAAGCGTCACACCCT-1","4"
"AGACACTCATGTTCGA-1","4"
"AGACCCGTCGAGAGCA-1","4"
"AGAGCAGCAAGTAGTA-1","4"
"AGAGCAGGTCCGGCAT-1","4"
"AGATCGTCATCAGCAT-1","4"
"AGATGCTTCTTTACAC-1","4"
"AGCATCAAGACATGCG-1","4"
"AGCATCATCGCTCCTA-1","4"
"AGCCACGGTAGGCAGT-1","4"
"AGCGCCACAGACAAAT-1","4"
"AGCTCAAGTTTCGACA-1","4"
"AGCTTCCGTATCGATC-1","4"
"AGCTTCCGTGTATCCA-1","4"
"AGGAAATGTGACCTGC-1","4"
"AGGACGATCAAGAAAC-1","4"
"AGGACGATCGTTGCCT-1","4"
"AGGAGGTAGTAGGCCA-1","4"
"AGGATAACATGCACTA-1","4"
"AGGATCTCATCAGCGC-1","4"
"AGGCCACGTGAGCCAA-1","4"
"AGGCTGCCATCATGAC-1","4"
"AGGCTGCTCTGACCCT-1","4"
"AGGGCCTAGATGCTAA-1","4"
"AGGGCTCCAATACCCA-1","4"
"AGGGCTCCACAAGGTG-1","4"
"AGGGCTCTCGAACGCC-1","4"
"AGGGTCCGTACATTGC-1","4"
"AGGGTTTAGGTTCTTG-1","4"
"AGGTAGGAGTGATAGT-1","4"
"AGGTCATTCTCGGTAA-1","4"
"AGGTCTAAGGTTAGTA-1","4"
"AGGTCTATCCTCTCGA-1","4"
"AGGTGTTTCCGCTTAC-1","4"
"AGGTTACAGTTCATCG-1","4"
"AGGTTACCAATGACCT-1","4"
"AGGTTGTTCTGTCGTC-1","4"
"AGTACCAAGGACGCAT-1","4"
"AGTACTGCAGCATACT-1","4"
"AGTACTGTCGGAATGG-1","4"
"AGTAGTCTCTACCACC-1","4"
"AGTCACAGTATCGAGG-1","4"
"AGTCATGCACTGAGGA-1","4"
"AGTCATGGTCCCTGTT-1","4"
"AGTCTCCTCCTCGCAT-1","4"
"AGTCTCCTCGACGAGA-1","4"
"AGTCTCCTCTTCTGTA-1","4"
"AGTGACTGTTTACGAC-1","4"
"AGTGCCGGTCGTACAT-1","4"
"AGTTAGCGTCATCTAG-1","4"
"AGTTCGAAGCCTCGTG-1","4"
"AGTTCGAAGTTCATGC-1","4"
"ATACCGATCATTGCCC-1","4"
"ATACCTTAGATGGTCG-1","4"
"ATACCTTAGCCGTAAG-1","4"
"ATACCTTCACGTTGGC-1","4"
"ATACCTTTCGTGGAAG-1","4"
"ATAGAGACACTGGCGT-1","4"
"ATAGAGAGTACTGTTG-1","4"
"ATAGAGATCATCTCTA-1","4"
"ATAGAGATCCACGTGG-1","4"
"ATAGGCTCACGGTAGA-1","4"
"ATAGGCTCAGCTCTGG-1","4"
"ATAGGCTGTGACACGA-1","4"
"ATATCCTCAGTCAGTT-1","4"
"ATCACAGCAAATCGTC-1","4"
"ATCACAGTCCCGTGTT-1","4"
"ATCACGACATCCAATG-1","4"
"ATCCATTAGCGTGAGT-1","4"
"ATCCCTGAGTGCACCC-1","4"
"ATCCCTGCAAACGTGG-1","4"
"ATCCGTCAGAGGCTGT-1","4"
"ATCCGTCTCGTTCTCG-1","4"
"ATCGCCTAGCTTAAGA-1","4"
"ATCGGATGTTAGAGTA-1","4"
"ATCGGCGGTAACGGTG-1","4"
"ATCGTAGTCACAGAGG-1","4"
"ATCGTCCGTTGCCGCA-1","4"
"ATCTCTAAGATAACGT-1","4"
"ATCTCTACAGCGTAGA-1","4"
"ATCTCTACAGCGTGAA-1","4"
"ATCTCTATCGACCATA-1","4"
"ATGACCAAGGCTAAAT-1","4"
"ATGAGGGAGCACTAAA-1","4"
"ATGAGGGCACTTGACA-1","4"
"ATGAGTCTCATCCCGT-1","4"
"ATGAGTCTCTCGTGGG-1","4"
"ATGCATGTCATCTGTT-1","4"
"ATGGAGGTCTAACGCA-1","4"
"ATGGGAGGTACGTTCA-1","4"
"ATGGGAGGTGGATCAG-1","4"
"ATGTCCCTCGTCACCT-1","4"
"ATTACCTCACACCGCA-1","4"
"ATTACCTCAGTGTATC-1","4"
"ATTCACTGTCGCTTGG-1","4"
"ATTCAGGAGTTGAATG-1","4"
"ATTCCCGCATTGACAC-1","4"
"ATTCCCGTCATTTGCT-1","4"
"ATTCTACAGGCTAAAT-1","4"
"ATTCTACCATCACGGC-1","4"
"ATTCTACGTAGTGCGA-1","4"
"ATTGTTCAGAGCATTA-1","4"
"ATTGTTCCAATGAAAC-1","4"
"ATTGTTCGTACTTCCC-1","4"
"ATTTACCGTATTCCTT-1","4"
"ATTTCACAGAATTTGG-1","4"
"ATTTCACGTTTACGTG-1","4"
"ATTTCTGCAGAGTAAT-1","4"
"ATTTCTGTCTCAATCT-1","4"
"CAACGGCGTGTCCATA-1","4"
"CAAGAGGGTAGGTTTC-1","4"
"CAAGCTAGTGTTAAAG-1","4"
"CAAGGGAAGGCTGAAC-1","4"
"CAAGGGAAGTCAATCC-1","4"
"CAATACGAGGACAACC-1","4"
"CAATACGTCGTACCTC-1","4"
"CAATTTCCAATGTCAC-1","4"
"CAATTTCTCTGTCCCA-1","4"
"CAATTTCTCTTACGTT-1","4"
"CACACAACACAGTGTT-1","4"
"CACAGATAGTGGCAGT-1","4"
"CACAGATGTTAAAGTG-1","4"
"CACAGGCTCGCGATCG-1","4"
"CACATGAAGTAACGTA-1","4"
"CACATGATCGGACAAG-1","4"
"CACCGTTTCACGACTA-1","4"
"CACGAATAGTGCTCGC-1","4"
"CACGGGTCAGCGTGCT-1","4"
"CACGTGGCAAGGCAAC-1","4"
"CACGTGGCACTACCCT-1","4"
"CACGTTCGTTACGTAC-1","4"
"CACTGTCCATGATGCT-1","4"
"CACTTCGTCGCCACTT-1","4"
"CAGATACCACGTTCGG-1","4"
"CAGATACGTGTATTCG-1","4"
"CAGATCAAGATCCCAT-1","4"
"CAGCAATCATTCCTAT-1","4"
"CAGCAATTCAGCGCGT-1","4"
"CAGCACGCATTAAGCC-1","4"
"CAGCAGCTCGACCAAT-1","4"
"CAGCAGCTCGGAATGG-1","4"
"CAGGCCATCCTAAGTG-1","4"
"CAGGGCTCACCTGCTT-1","4"
"CAGTGCGCAGCTTCCT-1","4"
"CAGTGCGGTTACGATC-1","4"
"CAGTGCGTCACAACCA-1","4"
"CAGTGCGTCAGCTTCC-1","4"
"CAGTTCCTCTCTGGTC-1","4"
"CATACCCCAAATACGA-1","4"
"CATCCACAGCCAGTAG-1","4"
"CATCCACAGGTAAGTT-1","4"
"CATCCACCAATGAACA-1","4"
"CATCCACGTACTTCCC-1","4"
"CATCCACGTCCTTTGC-1","4"
"CATGGATCAAGACAAT-1","4"
"CATTGCCAGGAGCAAA-1","4"
"CATTGCCTCGGAATGG-1","4"
"CATTGTTAGCCGAATG-1","4"
"CATTGTTCACACAGAG-1","4"
"CATTGTTTCGCCTCTA-1","4"
"CATTTCAAGGATACCG-1","4"
"CCAAGCGTCGTAGTGT-1","4"
"CCAATGAGTATGAGCG-1","4"
"CCAATTTAGACTACGG-1","4"
"CCAATTTCAGAGTTCT-1","4"
"CCAATTTGTCGAGCTC-1","4"
"CCAATTTTCTACTATC-1","4"
"CCACAAAAGTATGATG-1","4"
"CCACAAATCCAGTGCG-1","4"
"CCACCATGTGGCTACC-1","4"
"CCACGAGCACACAGCC-1","4"
"CCACTTGAGAAGCTCG-1","4"
"CCATAAGGTCACCACG-1","4"
"CCATAAGGTGAGACGT-1","4"
"CCATCACCAGTTTCGA-1","4"
"CCATCACCATTCCTAT-1","4"
"CCCATTGCACGCGCAT-1","4"
"CCCATTGCATTGCTGA-1","4"
"CCCGAAGGTGATACAA-1","4"
"CCCGGAACACGGCTAC-1","4"
"CCCTAACGTAATTAGG-1","4"
"CCCTAACGTAGCGCCT-1","4"
"CCCTCAATCCACTTTA-1","4"
"CCCTCTCAGTCTGGTT-1","4"
"CCGAACGCATCACCAA-1","4"
"CCGCAAGTCCACAGGC-1","4"
"CCGGGTACATTGAAGA-1","4"
"CCGGTGACAGTTAGGG-1","4"
"CCGTGAGCAAGTGGAC-1","4"
"CCGTTCAAGGGAGTGG-1","4"
"CCTACGTCAGGATTCT-1","4"
"CCTCACATCGAAGTGG-1","4"
"CCTCTCCAGACACACG-1","4"
"CCTCTCCCAGCGTGCT-1","4"
"CCTGCATGTCACTACA-1","4"
"CCTGTTGAGGAATGTT-1","4"
"CCTTCAGCATAATGCC-1","4"
"CCTTGTGAGAAACTAC-1","4"
"CCTTGTGGTGTCGCTG-1","4"
"CCTTGTGGTGTTTGCA-1","4"
"CCTTTGGCAAATTGGA-1","4"
"CCTTTGGCAATGAGCG-1","4"
"CCTTTGGCACACCTAA-1","4"
"CCTTTGGCATCGTCCT-1","4"
"CGAAGGATCCTGGGAC-1","4"
"CGACAGCGTAAGGCTG-1","4"
"CGACAGCGTGTCCAAT-1","4"
"CGAGGAAGTCTGTAGT-1","4"
"CGAGTGCGTTCAATCG-1","4"
"CGAGTGCTCGACGACC-1","4"
"CGAGTGCTCGGCCTTT-1","4"
"CGCAGGTCAGTCGCTG-1","4"
"CGCATGGGTAATTGGA-1","4"
"CGCGTGATCCTGATAG-1","4"
"CGCGTGATCGTGGACC-1","4"
"CGGAACCAGTAATACG-1","4"
"CGGAACCGTTTCGCTC-1","4"
"CGGACACCAAGCGAAC-1","4"
"CGGACACTCGTCCATC-1","4"
"CGGAGAAAGTCATGAA-1","4"
"CGGAGAACAGACCGCT-1","4"
"CGGAGAACAGCTGTAT-1","4"
"CGGAGAACAGTTTCAG-1","4"
"CGGCAGTCAGAGGCTA-1","4"
"CGGCAGTTCGCCCAGA-1","4"
"CGGGACTCAAGACAAT-1","4"
"CGGGACTCATCGGCCA-1","4"
"CGGGCATAGCCTCTTC-1","4"
"CGGGCATAGTCCTGCG-1","4"
"CGGGCATTCACCCATC-1","4"
"CGGGCATTCGCAGTGC-1","4"
"CGGGCATTCGTGCTCT-1","4"
"CGGGTGTGTGCCTAAT-1","4"
"CGGTCAGTCTGGGATT-1","4"
"CGTAAGTTCACTTATC-1","4"
"CGTGAATTCCGGCTTT-1","4"
"CGTGCTTTCTATTTCG-1","4"
"CGTGTCTGTACCGCGT-1","4"
"CTAACTTCAGTCTTCC-1","4"
"CTACATTTCTGCGAGC-1","4"
"CTACCTGTCGCTTACC-1","4"
"CTACGGGTCGGTCTGG-1","4"
"CTACTATTCGCTCATC-1","4"
"CTAGACAAGTGAGTGC-1","4"
"CTAGACAGTCCACACG-1","4"
"CTATCTAAGATGGTCG-1","4"
"CTATCTAAGCTCGGCT-1","4"
"CTATCTACACGGTGTC-1","4"
"CTATCTAGTGCTATTG-1","4"
"CTCAAGAAGTTGAATG-1","4"
"CTCACTGAGTGCACTT-1","4"
"CTCACTGCAGTTGTTG-1","4"
"CTCAGTCGTATACGGG-1","4"
"CTCAGTCGTATGAAGT-1","4"
"CTCAGTCGTGGCATCC-1","4"
"CTCATCGGTACAGAGC-1","4"
"CTCATCGGTAGAGTTA-1","4"
"CTCATGCAGATTACCC-1","4"
"CTCCACAAGACGGTCA-1","4"
"CTCCCAACAATTTCTC-1","4"
"CTCCCTCCAACAGTGG-1","4"
"CTCCGATAGTACCATC-1","4"
"CTCGAGGCAATGTTGC-1","4"
"CTCGAGGCAGAAATCA-1","4"
"CTCGAGGGTGGATGAC-1","4"
"CTCTCGACAACAGTGG-1","4"
"CTCTGGTAGCGAGTCA-1","4"
"CTCTGGTAGTTGGAAT-1","4"
"CTCTGGTCAAGATGTA-1","4"
"CTCTGGTCAGAACCGA-1","4"
"CTGAATGAGAAGTCAT-1","4"
"CTGAGGCAGATAGCAT-1","4"
"CTGAGGCGTCGAGTGA-1","4"
"CTGAGGCTCCCTCTTT-1","4"
"CTGATCCGTCCTTGTC-1","4"
"CTGCAGGGTTTCGTGA-1","4"
"CTGCAGGTCGAACGCC-1","4"
"CTGCATCAGAGCCTGA-1","4"
"CTGCATCCAAGGCTTT-1","4"
"CTGCCATTCCGCAACG-1","4"
"CTGCGAGAGCGTATAA-1","4"
"CTGGACGTCTATCCAT-1","4"
"CTGGCAGTCCTACGGG-1","4"
"CTGGTCTTCAGCAGAG-1","4"
"CTGTGAAAGTAGGCCA-1","4"
"CTGTGAAGTGGCGCTT-1","4"
"CTGTGGGGTCATAAAG-1","4"
"CTTACCGTCACGATAC-1","4"
"CTTAGGAGTATTTCCT-1","4"
"CTTCAATTCCATTGCC-1","4"
"CTTCCTTAGCGATCGA-1","4"
"CTTCCTTAGGGTGAAA-1","4"
"CTTCGGTAGCAGATAT-1","4"
"CTTCGGTAGCATCAAA-1","4"
"CTTCGGTCACTAACCA-1","4"
"CTTCGGTTCCAGCTCT-1","4"
"CTTGATTAGATGGTCG-1","4"
"CTTTCGGCAAACACCT-1","4"
"CTTTCGGGTTAAGGAT-1","4"
"GAAACCTCAGCATCTA-1","4"
"GAAATGAGTTCAACGT-1","4"
"GAAATGATCCTTATAC-1","4"
"GAACACTGTGTAGTGG-1","4"
"GAAGAATCATTGACTG-1","4"
"GAAGAATTCAAGTCTG-1","4"
"GAAGAATTCGCAGATT-1","4"
"GAAGCCCTCAGTCACA-1","4"
"GAAGGACAGGTAATCA-1","4"
"GAAGGGTGTGCAAGAC-1","4"
"GAAGGGTTCAATCGGT-1","4"
"GAAGGGTTCTTGCGCT-1","4"
"GAAGTAAAGACCATGG-1","4"
"GAAGTAATCAACCGAT-1","4"
"GAATAGATCTCCTGCA-1","4"
"GAATCACAGATGTTGA-1","4"
"GACACGCGTTCAACGT-1","4"
"GACACGCTCCTTACCG-1","4"
"GACATCACAAAGGTTA-1","4"
"GACCAATGTGAGAGGG-1","4"
"GACCCAGAGTATAGAC-1","4"
"GACCCAGGTCGCATGC-1","4"
"GACCGTGAGAATCCCT-1","4"
"GACCTTCAGGTGGCTA-1","4"
"GACCTTCTCTACGGGC-1","4"
"GACGCTGTCCCTCAAC-1","4"
"GACGTTACAAGTTGGG-1","4"
"GACGTTATCCTCATAT-1","4"
"GACGTTATCGAACTCA-1","4"
"GACTCAACAACTGATC-1","4"
"GACTTCCGTGCGGATA-1","4"
"GAGACCCCAGAAATCA-1","4"
"GAGCCTGAGCTACAAA-1","4"
"GAGGCCTGTTATCTGG-1","4"
"GAGGGATCAACCGATT-1","4"
"GAGGGATCAGGTCAAG-1","4"
"GAGTGTTAGCTGTTCA-1","4"
"GATCAGTGTGTTCCTC-1","4"
"GATCCCTGTTCAAACC-1","4"
"GATGAGGCACTTGACA-1","4"
"GATGATCGTGATCGTT-1","4"
"GATGGAGCAAGCCTGC-1","4"
"GATGTTGGTCATCACA-1","4"
"GATTCTTGTACGCGTC-1","4"
"GCAACCGAGTGGATAT-1","4"
"GCACGGTGTGAGTTTC-1","4"
"GCACTAACAGGTCCCA-1","4"
"GCACTAACATAGACTC-1","4"
"GCAGCCAGTTTCACAG-1","4"
"GCAGGCTTCAGACAAA-1","4"
"GCATCGGCACCCTGAG-1","4"
"GCATCTCCACGTAACT-1","4"
"GCATCTCTCGCTTGCT-1","4"
"GCATGATTCGCCGAAC-1","4"
"GCATGATTCTTGAACG-1","4"
"GCATTAGAGGCATCTT-1","4"
"GCATTAGGTGATTCTG-1","4"
"GCCAGCAAGGTCCGAA-1","4"
"GCCAGCATCGCTCTCA-1","4"
"GCCAGGTTCTCTCTAA-1","4"
"GCCAGGTTCTCTCTAA-1","4"
"GCCAGTGGTCGCTTAA-1","4"
"GCCAGTGTCGGCTTCT-1","4"
"GCCATTCGTACAAGTA-1","4"
"GCCCAGAAGCCTCACG-1","4"
"GCCCAGATCGAATCCA-1","4"
"GCCCGAAGTCACAGAG-1","4"
"GCCGATGCAGATTCGT-1","4"
"GCCGATGTCAGGGTAG-1","4"
"GCCTGTTAGGTACATA-1","4"
"GCCTGTTCAACTCCAA-1","4"
"GCCTGTTTCTGTTCAT-1","4"
"GCGAGAAAGCCTATTG-1","4"
"GCGAGAAAGCCTGTCG-1","4"
"GCGATCGAGAGAGCAA-1","4"
"GCGATCGAGAGTCCGA-1","4"
"GCGATCGAGGTTCCAT-1","4"
"GCGATCGTCACTTCTA-1","4"
"GCGGAAAGTAGGTTTC-1","4"
"GCGGAAAGTCGTGCCA-1","4"
"GCGTGCAAGTCTGGAG-1","4"
"GCGTGCACACGAGGAT-1","4"
"GCGTTTCTCCAATGCA-1","4"
"GCGTTTCTCCCGATCT-1","4"
"GCTGAATGTCGGCCTA-1","4"
"GCTGAATTCTCATAGG-1","4"
"GCTGCAGTCCTAGCTC-1","4"
"GCTTCACCATCATTGG-1","4"
"GCTTGGGCAGACCAGA-1","4"
"GCTTTCGTCGATTGAC-1","4"
"GGAACCCAGAGTCAAT-1","4"
"GGAATCTCACTTTATC-1","4"
"GGAATCTCATACTGAC-1","4"
"GGAGAACAGACTAAGT-1","4"
"GGAGGATGTAGATTAG-1","4"
"GGAGGATGTTCGAAGG-1","4"
"GGCAGTCCAAAGGTTA-1","4"
"GGCAGTCTCCCTCGTA-1","4"
"GGCTGTGAGTACAGAT-1","4"
"GGCTGTGCAGTCAACT-1","4"
"GGCTGTGTCTACAGGT-1","4"
"GGCTTGGCATAGTCGT-1","4"
"GGCTTTCGTTCAGTAC-1","4"
"GGGAAGTGTGGCGCTT-1","4"
"GGGAAGTTCTCATGCC-1","4"
"GGGACAAGTTGCACGC-1","4"
"GGGACCTAGGGACTGT-1","4"
"GGGATCCCATTGTACG-1","4"
"GGGCTACGTGCATTTG-1","4"
"GGGCTCAAGTTAGAAC-1","4"
"GGGCTCAAGTTTGCTG-1","4"
"GGGCTCAGTGAACTAA-1","4"
"GGGTAGAAGCGATGGT-1","4"
"GGGTATTCAGCCTATA-1","4"
"GGGTCACTCAAGATAG-1","4"
"GGGTCTGCAACTGTGT-1","4"
"GGGTGAATCGAGAACG-1","4"
"GGGTTATAGGCGTTGA-1","4"
"GGGTTTAGTCGGATTT-1","4"
"GGTAGAGAGAGGTTTA-1","4"
"GGTAGAGGTCTTGCGG-1","4"
"GGTCACGGTAGATTAG-1","4"
"GGTCACGTCGAAGCAG-1","4"
"GGTGATTCAACAGCTT-1","4"
"GGTGATTCAAGAGCTG-1","4"
"GGTGATTCAGACACCC-1","4"
"GGTGGCTAGTTCCAGT-1","4"
"GTAACACCACCGTGCA-1","4"
"GTAATCGTCTGCGATA-1","4"
"GTAATGCGTCTACACA-1","4"
"GTAATGCTCCGATGTA-1","4"
"GTACAACGTCTTACTT-1","4"
"GTACAACTCGAGAAGC-1","4"
"GTACAGTGTTCATCTT-1","4"
"GTAGAAATCTGAACGT-1","4"
"GTAGAGGGTGACAGCA-1","4"
"GTAGATCTCGAGAAGC-1","4"
"GTAGATCTCTTCCTAA-1","4"
"GTAGGTTTCAACGAGG-1","4"
"GTATTGGGTTACCCTC-1","4"
"GTATTTCAGCTAGAGC-1","4"
"GTATTTCAGGGTTAAT-1","4"
"GTCAAACAGTAATTGG-1","4"
"GTCACTCCAGATTCGT-1","4"
"GTCATCCCACGGTCTG-1","4"
"GTCATGACAACACACT-1","4"
"GTCATGAGTGGTGATG-1","4"
"GTCATTTAGTTTAGGA-1","4"
"GTCCTCAGTCTACTGA-1","4"
"GTCGAATAGGAGAATG-1","4"
"GTCGTAAGTTTCTTAC-1","4"
"GTCGTTCAGGTCGTGA-1","4"
"GTCGTTCCAGAATGTA-1","4"
"GTCGTTCTCACTTCTA-1","4"
"GTCTAGAGTTGCATAC-1","4"
"GTCTGTCAGCGTCGAA-1","4"
"GTCTTTATCGGTGAAG-1","4"
"GTGACGCAGGATGTTA-1","4"
"GTGACGCGTTAAGTCC-1","4"
"GTGAGGAAGGCACGAT-1","4"
"GTGAGGAGTGCAGGAT-1","4"
"GTGAGTTTCCGACATA-1","4"
"GTGATGTCATTATGCG-1","4"
"GTGATGTTCGCTGACG-1","4"
"GTGCACGGTAGAGATT-1","4"
"GTGCTGGCACACCTAA-1","4"
"GTGCTGGGTATCGCTA-1","4"
"GTGCTTCGTACCATAC-1","4"
"GTGCTTCTCACTTATC-1","4"
"GTGGAGAGTACCTAAC-1","4"
"GTGGCGTGTTGTCAGT-1","4"
"GTGGGAAAGGCCTAGA-1","4"
"GTGGGAAGTATGGAAT-1","4"
"GTGTAACAGACGTCCC-1","4"
"GTGTCCTGTGCCTGAC-1","4"
"GTGTCCTTCGCAACAT-1","4"
"GTGTGATTCATGGATC-1","4"
"GTGTGGCAGGCCGCTT-1","4"
"GTGTGGCGTTGAGTCT-1","4"
"GTGTTCCCACACCTTC-1","4"
"GTTACCCAGGTTGGTG-1","4"
"GTTACCCAGTTACGTC-1","4"
"GTTACCCTCTCGTGAA-1","4"
"GTTACGACAACGTTAC-1","4"
"GTTACGAGTTGCGTAT-1","4"
"GTTAGTGGTTTACCTT-1","4"
"GTTATGGGTTAAGCAA-1","4"
"GTTGAACGTCAGACTT-1","4"
"GTTGTAGGTCGAATTC-1","4"
"GTTTACTGTGTATTGC-1","4"
"GTTTGGAGTTTGTTGG-1","4"
"TAACTTCCACACCAGC-1","4"
"TAAGCACTCGAGAAAT-1","4"
"TAATCTCGTGTTGAGG-1","4"
"TACACCCAGACCAACG-1","4"
"TACACCCAGCACACAG-1","4"
"TACACCCGTGCCTTCT-1","4"
"TACACCCGTTGCCAAT-1","4"
"TACCGGGGTTTGGGAG-1","4"
"TACGGTACACCGCTAG-1","4"
"TACGGTACAGCTAACT-1","4"
"TACGGTACATCCGAGC-1","4"
"TACTGCCGTATCAGCT-1","4"
"TACTTACGTCCCAAAT-1","4"
"TACTTCAAGAGCCATG-1","4"
"TACTTCACAGGACTAG-1","4"
"TACTTCACAGTTAAAG-1","4"
"TACTTCATCACTGTCC-1","4"
"TACTTGTGTTCGGCTG-1","4"
"TACTTGTTCATTCGGA-1","4"
"TAGATCGTCGTAGCCG-1","4"
"TAGGAGGTCAAGAGGC-1","4"
"TAGGGTTAGCTGACAG-1","4"
"TAGGGTTTCATCGGGC-1","4"
"TAGGTACGTCTGCCTT-1","4"
"TAGGTACTCTCTGGTC-1","4"
"TAGGTTGCACTTGAAC-1","4"
"TAGGTTGTCAAGAGGC-1","4"
"TAGTGCACAATCGTCA-1","4"
"TAGTGCATCATCTATC-1","4"
"TATACCTAGTGCCGAA-1","4"
"TATCAGGGTTGGTGTT-1","4"
"TATCAGGTCCTATTGT-1","4"
"TATCTGTCAGGCAATG-1","4"
"TATGTTCTCGTCGACG-1","4"
"TATTCCAGTCACCGAC-1","4"
"TATTGCTAGGTACATA-1","4"
"TATTTCGAGGTTGAGC-1","4"
"TATTTCGGTGGATACG-1","4"
"TCAAGACTCTCTCTAA-1","4"
"TCACGCTAGTTTCAGC-1","4"
"TCACGGGTCTGTGCTC-1","4"
"TCACTCGCAGACCTGC-1","4"
"TCACTCGGTGGATTTC-1","4"
"TCAGTCCGTCAAGGCA-1","4"
"TCAGTTTTCAACTCTT-1","4"
"TCATACTGTTCAAACC-1","4"
"TCATATCCATTCCTCG-1","4"
"TCATCCGAGATTAGTG-1","4"
"TCATCCGTCAGTGTTG-1","4"
"TCATGCCCAACCACGC-1","4"
"TCATGGATCTCATTGT-1","4"
"TCATGTTAGGCTTCCG-1","4"
"TCATTTGGTAATTGGA-1","4"
"TCCACGTAGGCAGTCA-1","4"
"TCCACGTTCCCATTCG-1","4"
"TCCAGAACAAGCCCAC-1","4"
"TCCATCGGTGCGAACA-1","4"
"TCCATCGTCAAGTCTG-1","4"
"TCCATGCCAATCGTCA-1","4"
"TCCATGCTCTATACGG-1","4"
"TCCCACAAGCAATTCC-1","4"
"TCCCACAAGGCTTAAA-1","4"
"TCCCACACAGTGACCC-1","4"
"TCCGAAATCAGCCCAG-1","4"
"TCCGATCAGAGTCTGG-1","4"
"TCCTAATAGCGCTGAA-1","4"
"TCCTAATAGTCTTCGA-1","4"
"TCCTAATGTTCAAACC-1","4"
"TCCTCCCAGGCACAAC-1","4"
"TCCTCCCAGTCATTGC-1","4"
"TCCTCCCCAGGGAGAG-1","4"
"TCCTCTTCATAGTCAC-1","4"
"TCCTCTTTCCTCTGCA-1","4"
"TCCTTTCCAGATACTC-1","4"
"TCGAACATCGTAACTG-1","4"
"TCGAAGTAGGACCCAA-1","4"
"TCGAAGTCATTGAAAG-1","4"
"TCGCAGGTCCAACTAG-1","4"
"TCGCTCAAGGCTAGCA-1","4"
"TCGCTTGAGTACGAGC-1","4"
"TCGCTTGCAATCACGT-1","4"
"TCGCTTGGTTCTCTCG-1","4"
"TCGGATAGTACAGTCT-1","4"
"TCGGATAGTCCTCCTA-1","4"
"TCGGATATCAGGAACG-1","4"
"TCGGATATCATCACAG-1","4"
"TCGGGACGTTCTTAGG-1","4"
"TCGGGACTCTGAGATC-1","4"
"TCGGGCATCGCGCCAA-1","4"
"TCGGGTGCACATACTG-1","4"
"TCGGTCTAGTGAGGTC-1","4"
"TCGTAGATCTCAGAAC-1","4"
"TCGTGCTGTGCAATAA-1","4"
"TCGTGCTGTGCAATGG-1","4"
"TCTAACTTCTTGATTC-1","4"
"TCTACATGTCCGAAGA-1","4"
"TCTATACTCTCGGTCT-1","4"
"TCTATCAAGGTGCGAT-1","4"
"TCTCACGCATAATCCG-1","4"
"TCTCCGACAAGACGAC-1","4"
"TCTCTGGAGACATGCG-1","4"
"TCTGGCTCAAATGGTA-1","4"
"TCTGGCTCACACTGGC-1","4"
"TCTGTCGAGCTGGCTC-1","4"
"TCTTAGTCACCCTGAG-1","4"
"TCTTCCTAGTGGTTAA-1","4"
"TGAATCGAGACAACAT-1","4"
"TGAATCGGTCTACAGT-1","4"
"TGAATGCGTGAATATG-1","4"
"TGACAGTAGCGATTCT-1","4"
"TGACAGTAGGCTCAAG-1","4"
"TGACAGTAGGGTCTTT-1","4"
"TGACAGTTCGTCGGGT-1","4"
"TGACCCTAGGAACTCG-1","4"
"TGACGCGAGAGGCTGT-1","4"
"TGACTCCAGCCACAAG-1","4"
"TGAGGGACAGCAGTCC-1","4"
"TGATGCAAGGAAGAAC-1","4"
"TGATGGTAGATAACAC-1","4"
"TGATTCTAGCTGACTT-1","4"
"TGATTCTCACAACGAG-1","4"
"TGCACGGGTGGCTACC-1","4"
"TGCAGATCAACTGGTT-1","4"
"TGCAGTACAGATTAAG-1","4"
"TGCATCCAGGATGAGA-1","4"
"TGCATGAGTCTGCATA-1","4"
"TGCATGATCGCACTCT-1","4"
"TGCGACGCAGGACTTT-1","4"
"TGCTCGTAGCTTTCCC-1","4"
"TGCTTCGTCATTCTTG-1","4"
"TGCTTGCCATCGTCCT-1","4"
"TGGAGGATCAATGTCG-1","4"
"TGGATCAGTTCCCACT-1","4"
"TGGGAAGGTCGGTGAA-1","4"
"TGGGAGAAGCGACTGA-1","4"
"TGGGAGAGTCTCGCGA-1","4"
"TGGGTTACAGGCTTGC-1","4"
"TGGTAGTAGTTCAACC-1","4"
"TGGTTAGAGCTCGCAC-1","4"
"TGTCAGAGTTCAAGTC-1","4"
"TGTCCCATCTCGACGG-1","4"
"TGTCCCATCTGCAGCG-1","4"
"TGTCCTGCAAGATCCT-1","4"
"TGTGAGTTCAGTCACA-1","4"
"TGTGATGAGTGCTACT-1","4"
"TGTGATGCAGACAAGC-1","4"
"TGTGATGGTGCCTTCT-1","4"
"TGTGATGGTTAAGGGC-1","4"
"TGTGGCGAGAGTCAGC-1","4"
"TGTGGCGTCCTCGATC-1","4"
"TGTGTGACAGTGGTGA-1","4"
"TGTGTGAGTTTCAGAC-1","4"
"TGTTCCGCAATTGTGC-1","4"
"TGTTCTAAGAAAGCGA-1","4"
"TGTTGAGAGGCGTTAG-1","4"
"TGTTGAGAGTATGAAC-1","4"
"TGTTGAGTCTGTTCAT-1","4"
"TGTTTGTAGATTGCGG-1","4"
"TTACAGGAGGCACGAT-1","4"
"TTACCATCAGCAGTCC-1","4"
"TTACCGCTCGACGATT-1","4"
"TTACGCCAGGTCGACA-1","4"
"TTACGCCGTCGTGCCA-1","4"
"TTACGTTCAAGTGGAC-1","4"
"TTACGTTCATAATCCG-1","4"
"TTACTGTTCATAGCAC-1","4"
"TTAGGGTAGGTGATAT-1","4"
"TTATTGCCAGCGCGTT-1","4"
"TTCACCGGTGGTGATG-1","4"
"TTCACGCAGTTCGGTT-1","4"
"TTCATGTAGGTACCTT-1","4"
"TTCATGTGTACACTCA-1","4"
"TTCATTGGTACGTTCA-1","4"
"TTCATTGGTGCCGGTT-1","4"
"TTCATTGTCCCAGTGG-1","4"
"TTCCACGGTGCCTTCT-1","4"
"TTCCGTGCATCGGAGA-1","4"
"TTCCGTGTCGTGCACG-1","4"
"TTCCTAAAGCAGGCAT-1","4"
"TTCCTAAGTGGTCCGT-1","4"
"TTCCTCTGTGAGTGAC-1","4"
"TTCCTCTTCAGCATTG-1","4"
"TTCCTTCCATGGCCCA-1","4"
"TTCGCTGAGACGCAGT-1","4"
"TTCTAACAGCGGACAT-1","4"
"TTCTAGTTCGAGTTGT-1","4"
"TTCTCTCGTTTAGAGA-1","4"
"TTCTCTCTCATCACTT-1","4"
"TTCTCTCTCCGATAGT-1","4"
"TTCTCTCTCCGTGTCT-1","4"
"TTCTGTACAAGATGTA-1","4"
"TTCTTCCAGGGATCTG-1","4"
"TTCTTGAAGAGATGCC-1","4"
"TTCTTGACATACTTTC-1","4"
"TTGAACGCACAGTGTT-1","4"
"TTGAGTGGTAGGAGGG-1","4"
"TTGATGGAGCGACTGA-1","4"
"TTGGGTACAAACTAGA-1","4"
"TTGTGGACAACATACC-1","4"
"TTGTTCATCTTTGATC-1","4"
"TTGTTTGCACCCGTAG-1","4"
"TTGTTTGCAGGAGGAG-1","4"
"TTTACCACACCATAAC-1","4"
"TTTACCATCAGAGTTC-1","4"
"TTTACTGCACTGTTCC-1","4"
"TTTACTGCATTGGCAT-1","4"
"TTTAGTCAGTAGAGTT-1","4"
"TTTCACAAGCGTCAGA-1","4"
"TTTCAGTAGGTGTGAC-1","4"
"TTTCGATTCGCCGAGT-1","4"
"TTTGGTTCAAGTTCGT-1","4"
"AAACCCAGTACGTGTT-1","5"
"AAACCCATCCCTCATG-1","6"
"AAACGAAAGCACCGTC-1","7"
"AAACGAAAGTAGGCCA-1","7"
"AAACGCTGTGTAGGAC-1","6"
"AAACGCTGTTAACCTG-1","6"
"AAAGAACGTGGTCCCA-1","6"
"AAAGAACTCGATACGT-1","5"
"AAAGGATGTCCAGTTA-1","5"
"AAAGGATTCGCCCAGA-1","6"
"AAAGGGCAGGATAATC-1","6"
"AAAGGGCAGGTCGCCT-1","8"
"AAAGTCCCAGTCAGTT-1","6"
"AAAGTCCGTGTGTTTG-1","6"
"AAAGTGACAAAGCTAA-1","6"
"AAATGGAGTCGAATTC-1","7"
"AACACACCAAACACCT-1","6"
"AACACACGTTCGGTAT-1","8"
"AACAGGGAGGACGCAT-1","8"
"AACCAACCAATTTCTC-1","5"
"AACCACAGTTCAATCG-1","6"
"AACCACATCCATCAGA-1","6"
"AACCATGAGAAGTATC-1","6"
"AACCCAAAGTATAGGT-1","5"
"AACCCAACAATATCCG-1","5"
"AACCTGAGTGTGTTTG-1","5"
"AACCTGATCCTCCACA-1","8"
"AACCTTTCACACCTAA-1","8"
"AACCTTTTCGTTCCTG-1","6"
"AACGAAACACTATCCC-1","6"
"AACGAAACACTGAGTT-1","7"
"AACGAAAGTAGAAACT-1","5"
"AACGAAAGTGGCGTAA-1","6"
"AACGGGAAGGTACATA-1","7"
"AACGGGACATGACGGA-1","5"
"AACTTCTAGCGCCTTG-1","6"
"AACTTCTAGGACTAAT-1","6"
"AACTTCTCAGGCACAA-1","6"
"AACTTCTGTTTAGAGA-1","8"
"AAGACTCGTTCCAGGC-1","6"
"AAGATAGGTCCAACGC-1","5"
"AAGATAGGTGCAGTGA-1","6"
"AAGATAGTCAAATAGG-1","5"
"AAGCCATCAGGTGGAT-1","6"
"AAGCCATGTCGCATTA-1","5"
"AAGCCATTCAGGAACG-1","5"
"AAGCCATTCGATCCAA-1","6"
"AAGCGTTAGACGACTG-1","6"
"AAGCGTTCAGTCTACA-1","6"
"AAGGAATAGAGGTCAC-1","7"
"AAGGAATAGCGTTCAT-1","6"
"AAGGAATAGTCCCAAT-1","7"
"AAGGAATTCAGTGTGT-1","5"
"AAGGAATTCATTCGTT-1","6"
"AAGGTAAAGTTTGTCG-1","6"
"AAGGTAAGTCGGATTT-1","8"
"AAGTACCAGTCAAGCG-1","6"
"AAGTACCCACACAGCC-1","5"
"AAGTACCGTGTCATGT-1","8"
"AAGTCGTTCTGGGCGT-1","8"
"AAGTGAAAGATGTTAG-1","5"
"AAGTGAACATGAGATA-1","6"
"AAGTGAATCTCTGAGA-1","8"
"AAGTTCGTCCGGCAAC-1","6"
"AATAGAGTCTGTCGCT-1","6"
"AATCACGTCCCTCGTA-1","8"
"AATCACGTCCTGGGAC-1","5"
"AATCGACAGGTAGGCT-1","6"
"AATCGACCACAATGCT-1","8"
"AATGAAGCAAGAGGTC-1","6"
"AATGAAGCATCGAGCC-1","6"
"AATGAAGCATCGATAC-1","6"
"AATGAAGGTTGCATAC-1","6"
"AATGAAGGTTGCCGCA-1","6"
"AATGACCAGCGTCAGA-1","8"
"AATGACCGTATCAGCT-1","6"
"AATGCCACATGGAAGC-1","6"
"AATGGAACACAAACGG-1","8"
"AATGGAACACGCGGTT-1","6"
"AATGGAAGTCCTGGTG-1","5"
"AATTCCTTCTATTTCG-1","5"
"AATTTCCGTTCAACGT-1","6"
"ACAAAGAAGTTGAATG-1","7"
"ACAAGCTCACCTGAAT-1","7"
"ACACGCGAGCCACCGT-1","5"
"ACAGAAAAGCACACCC-1","6"
"ACAGAAATCCAAGAGG-1","5"
"ACAGCCGAGGACCCAA-1","6"
"ACAGGGAGTAGAGACC-1","6"
"ACAGGGAGTCTGATCA-1","8"
"ACAGGGATCCGATAAC-1","5"
"ACATCGATCAGACATC-1","5"
"ACATCGATCGTTATCT-1","8"
"ACATTTCAGGTCACTT-1","7"
"ACATTTCGTGGGCTCT-1","6"
"ACCAAACGTAAGCGGT-1","8"
"ACCAAACGTCATTGCA-1","8"
"ACCAACAAGAACAGGA-1","8"
"ACCAACAAGGTTACAA-1","8"
"ACCACAACACATGACT-1","5"
"ACCACAAGTCCACTTC-1","6"
"ACCCTCAGTATAGGAT-1","7"
"ACCCTCATCTACTGAG-1","6"
"ACCCTTGAGCCAAGCA-1","7"
"ACCTACCGTACTGCGC-1","6"
"ACCTGAATCGACGCGT-1","5"
"ACCTGTCAGGCCCACT-1","7"
"ACGATGTGTCAGCGTC-1","6"
"ACGCACGTCAAGGACG-1","5"
"ACGGAAGGTTTCGTAG-1","8"
"ACGGGTCTCATCCTAT-1","6"
"ACGGGTCTCCCATTCG-1","7"
"ACGGTCGAGCTCCACG-1","6"
"ACGGTCGAGGTTTACC-1","5"
"ACGGTCGGTTAGGACG-1","6"
"ACGGTCGGTTGCACGC-1","7"
"ACGGTTAAGTTGCTGT-1","6"
"ACGTACAAGGTCGTGA-1","7"
"ACGTAGTAGCTGAAGC-1","8"
"ACGTAGTGTACCTATG-1","6"
"ACGTTCCTCGGACCAC-1","5"
"ACGTTCCTCGGTGTAT-1","6"
"ACTACGACATGCCGGT-1","6"
"ACTACGAGTATCAAGA-1","6"
"ACTATCTAGAAACTCA-1","5"
"ACTATCTGTCCCGTGA-1","8"
"ACTATCTGTGCCTATA-1","5"
"ACTATGGTCATTATCC-1","6"
"ACTATGGTCGATACTG-1","7"
"ACTATTCCATTGGATC-1","6"
"ACTATTCTCGGCTCTT-1","6"
"ACTATTCTCTACAGGT-1","7"
"ACTCTCGCAGTGGGTA-1","7"
"ACTGATGAGGCGTTGA-1","6"
"ACTGATGTCCATCTAT-1","7"
"ACTGCAACACCAGACC-1","6"
"ACTGCAAGTCTGTGCG-1","6"
"ACTGTCCGTCATTCCC-1","8"
"ACTGTCCTCAAATAGG-1","6"
"ACTGTGAAGCGTGCTC-1","6"
"ACTTCCGAGTCCCAAT-1","7"
"ACTTCCGGTAGAGGAA-1","6"
"ACTTTCAGTTGGGATG-1","8"
"AGAACAATCTGTAAGC-1","8"
"AGAACCTGTGACTCGC-1","6"
"AGAAGCGTCACCCTCA-1","6"
"AGAAGCGTCATCCTAT-1","8"
"AGAAGTACAATCTAGC-1","6"
"AGAAGTACATGAATAG-1","6"
"AGAAGTATCGCCCAGA-1","5"
"AGACAAATCGGATACT-1","5"
"AGACACTAGTGGAAGA-1","5"
"AGACACTCATTGCCTC-1","8"
"AGACACTGTATGTCAC-1","6"
"AGACCCGAGGCTCACC-1","6"
"AGACCCGCATCCTTCG-1","7"
"AGACCCGGTAAGTCAA-1","5"
"AGACTCATCTACGGTA-1","6"
"AGAGAGCGTTCTTAGG-1","6"
"AGAGAGCTCCATCTCG-1","5"
"AGAGCCCTCATGGATC-1","7"
"AGATAGAAGACGCATG-1","5"
"AGATAGAAGACGGAAA-1","5"
"AGATAGACACCCTGAG-1","5"
"AGATCCACATCCGGCA-1","6"
"AGATCCAGTCCGCAGT-1","5"
"AGATCCAGTCGAATGG-1","6"
"AGATCGTTCTAGCCTC-1","6"
"AGATGCTCATCGGCCA-1","7"
"AGATGCTGTCGTCGGT-1","6"
"AGCCAATGTCAGCGTC-1","6"
"AGCCAGCTCAAATGCC-1","8"
"AGCGATTCACCGTGGT-1","5"
"AGCGATTCAGTTTGGT-1","5"
"AGCGATTGTTCATCTT-1","8"
"AGCGCTGTCGAGAAGC-1","6"
"AGCGCTGTCTGCTTAT-1","6"
"AGCGCTGTCTGTCCGT-1","6"
"AGCGTATGTTCAGGTT-1","6"
"AGCTACAAGAACAGGA-1","5"
"AGGAAATTCTCGCGTT-1","6"
"AGGAATACATAGGCGA-1","6"
"AGGATAAAGAGCAAGA-1","8"
"AGGATAAAGCGGACAT-1","8"
"AGGATAAAGGAGTACC-1","6"
"AGGATAATCCGTAATG-1","8"
"AGGATCTAGCCTCTGG-1","5"
"AGGATCTCAACGGCCT-1","6"
"AGGCATTGTAGTGGCA-1","6"
"AGGCATTTCACCTCTG-1","8"
"AGGCTGCAGCCTCCAG-1","8"
"AGGGAGTCAACACGAG-1","5"
"AGGGAGTTCAAGTGGG-1","7"
"AGGGCCTAGGCGATAC-1","6"
"AGGGCCTAGGTCATAA-1","5"
"AGGGCCTTCGATACTG-1","7"
"AGGGTCCCAATAAGGT-1","7"
"AGGGTGAAGCGTGAAC-1","5"
"AGGGTTTAGAGGTGCT-1","8"
"AGGGTTTAGGTGCCAA-1","6"
"AGGTAGGCAACGGTAG-1","8"
"AGGTAGGGTAGGCTGA-1","5"
"AGGTCATCATGTTACG-1","6"
"AGGTCTAGTATTCCTT-1","7"
"AGGTGTTAGTGGTTCT-1","5"
"AGGTTACCAATGGGTG-1","8"
"AGGTTACCACCGTACG-1","6"
"AGGTTACGTTCCGCGA-1","7"
"AGGTTGTAGGCAGGGA-1","8"
"AGGTTGTGTCAGACGA-1","8"
"AGTAACCGTATCGATC-1","6"
"AGTACCAAGGGTTGCA-1","6"
"AGTACCATCCAGTACA-1","5"
"AGTACTGCATCTCGTC-1","7"
"AGTACTGGTACTAACC-1","5"
"AGTACTGTCCATCAGA-1","5"
"AGTAGCTCAATCCTTT-1","8"
"AGTAGCTGTTCGAACT-1","6"
"AGTAGCTTCCAGTACA-1","8"
"AGTAGTCGTCGATTAC-1","6"
"AGTAGTCGTGGAACAC-1","7"
"AGTCAACCAACACGTT-1","7"
"AGTCAACGTATCGCAT-1","6"
"AGTCACAGTGGCTTAT-1","5"
"AGTCACATCACCTGTC-1","6"
"AGTCATGGTCTTACAG-1","6"
"AGTCATGTCTCACCCA-1","6"
"AGTCTCCGTCACAGTT-1","6"
"AGTCTCCGTGAGGCAT-1","6"
"AGTGACTTCGGCATCG-1","6"
"AGTGATCCACCGTGGT-1","8"
"AGTGATCTCTAGTGAC-1","6"
"AGTGCCGCATACAGGG-1","6"
"AGTTAGCAGTCGCTAT-1","6"
"AGTTCCCCAGCTTTCC-1","6"
"AGTTCCCTCACTGGTA-1","5"
"ATACCGAAGCACTAGG-1","5"
"ATACCTTAGCCTCCAG-1","8"
"ATACCTTTCAGACCTA-1","6"
"ATACTTCCATATTCGG-1","7"
"ATACTTCTCCTACGAA-1","5"
"ATAGACCAGCGGATCA-1","8"
"ATAGAGATCTGCGGGT-1","6"
"ATAGGCTAGGACGCTA-1","6"
"ATAGGCTCAATGTTGC-1","8"
"ATATCCTCAACGGTAG-1","6"
"ATATCCTCAATCCAGT-1","7"
"ATCACGACACGTACTA-1","6"
"ATCACTTCAATGAAAC-1","6"
"ATCACTTGTATCGCTA-1","7"
"ATCACTTTCTACCAGA-1","6"
"ATCAGGTGTGTTCAGT-1","6"
"ATCCACCCAACCAACT-1","6"
"ATCCATTAGACCTCAT-1","8"
"ATCCATTGTCGCTCGA-1","7"
"ATCCCTGAGTAAGCAT-1","8"
"ATCCGTCCACCCAACG-1","6"
"ATCCGTCGTAATGCGG-1","6"
"ATCCGTCGTATCCTCC-1","6"
"ATCCTATAGATTAGCA-1","7"
"ATCGCCTTCATGGAGG-1","8"
"ATCGGATGTCTAATCG-1","6"
"ATCGGCGAGACATGCG-1","6"
"ATCGGCGGTTTCACTT-1","8"
"ATCGTAGAGGGATCTG-1","6"
"ATCGTCCCACTACGGC-1","8"
"ATCGTGAAGGGCTGAT-1","7"
"ATCTCTAGTGATCGTT-1","6"
"ATCTCTAGTTGCACGC-1","6"
"ATCTTCAAGTCCGTCG-1","7"
"ATCTTCACAGTCAGCC-1","6"
"ATGAAAGCACTATGTG-1","6"
"ATGAAAGCAGGAACCA-1","6"
"ATGAAAGCATATAGCC-1","8"
"ATGACCAGTCACTACA-1","6"
"ATGAGTCCATCCGAGC-1","5"
"ATGAGTCCATGTTCAG-1","8"
"ATGCATGAGCACTCGC-1","7"
"ATGCCTCGTCTGTGTA-1","5"
"ATGCCTCGTTGCCATA-1","5"
"ATGCCTCTCCACGTCT-1","5"
"ATGCGATCAATGAAAC-1","5"
"ATGCGATTCTCCCATG-1","6"
"ATGCGATTCTTAGCCC-1","6"
"ATGGATCAGCGTCGAA-1","6"
"ATGGATCAGTCACTAC-1","6"
"ATGGATCCATAACCCA-1","6"
"ATGGATCCATGACGTT-1","8"
"ATGGATCGTAATGATG-1","8"
"ATGGATCGTCCGACGT-1","6"
"ATGGATCTCCTCTTTC-1","6"
"ATGGGTTTCGGTCATA-1","6"
"ATGGTTGCAAGGCTTT-1","7"
"ATGGTTGTCGCTTTAT-1","6"
"ATGTCCCAGATACAGT-1","5"
"ATGTCCCCACACAGAG-1","6"
"ATGTCCCCATTGCCTC-1","5"
"ATGTCTTTCTACTCAT-1","5"
"ATTACCTAGCCGGATA-1","8"
"ATTACTCCACGGCCAT-1","6"
"ATTACTCCAGAGGACT-1","6"
"ATTACTCTCGCTGTCT-1","8"
"ATTATCCAGTAGTCTC-1","7"
"ATTCCATAGTTGAAGT-1","6"
"ATTCCATCACACCTTC-1","6"
"ATTCCATTCATGGCCG-1","6"
"ATTCCTATCGACACTA-1","8"
"ATTCTACCAAGAGGTC-1","6"
"ATTCTTGCACATAGCT-1","8"
"ATTGTTCAGTGTAGAT-1","8"
"ATTGTTCCACATACGT-1","6"
"ATTGTTCGTCAAAGTA-1","8"
"ATTTACCTCACTTTGT-1","6"
"CAACAACAGTTGTAAG-1","5"
"CAACAACGTAGGACCA-1","8"
"CAACCAACATTGCTTT-1","5"
"CAACCAAGTACTGGGA-1","8"
"CAACCTCCATAGGCGA-1","6"
"CAACCTCGTTCAAGTC-1","6"
"CAACCTCTCATGCCCT-1","6"
"CAACCTCTCTTGTTAC-1","8"
"CAACGATAGAATGTTG-1","6"
"CAACGGCAGTAAGGGA-1","8"
"CAACGGCGTCGTATTG-1","6"
"CAAGACTGTTAGCGGA-1","6"
"CAAGACTGTTGCTAGT-1","5"
"CAAGAGGTCGTCGATA-1","5"
"CAAGCTAAGAACGTGC-1","7"
"CAAGCTACAATAACGA-1","6"
"CAAGGGAAGTATAGGT-1","8"
"CAATACGGTATCACCA-1","6"
"CAATGACCATTGAGCT-1","8"
"CAATTTCCAAGGATGC-1","7"
"CACAACAAGGGCAGTT-1","5"
"CACACAACAAGGTACG-1","6"
"CACACAATCAATCCGA-1","8"
"CACAGATAGGTGCATG-1","6"
"CACAGGCTCAAGAATG-1","5"
"CACATGAAGTGGACTG-1","6"
"CACATGACATCCAACA-1","6"
"CACATGAGTGGATTTC-1","7"
"CACCAAAGTGCTTATG-1","5"
"CACCGTTCAATTGTGC-1","8"
"CACGAATGTACTGACT-1","6"
"CACGGGTAGGCTCTAT-1","5"
"CACGGGTTCAACTGGT-1","6"
"CACGTGGAGACTGAGC-1","8"
"CACTGGGGTGGACCAA-1","7"
"CACTGGGTCAACTCTT-1","5"
"CACTGTCAGAATCCCT-1","7"
"CACTGTCCAGAAGTGC-1","6"
"CACTGTCCATCTCATT-1","7"
"CACTGTCGTCCGACGT-1","5"
"CACTGTCTCACCCTTG-1","5"
"CACTGTCTCGATAACC-1","5"
"CACTGTCTCTAACGGT-1","6"
"CACTTCGAGCGACTGA-1","7"
"CACTTCGTCCGAAGGA-1","7"
"CACTTCGTCGCAATGT-1","8"
"CAGAGCCTCTCTGAGA-1","6"
"CAGATACCATCTGTTT-1","6"
"CAGATCACAGAGATGC-1","8"
"CAGATTGAGATTAGAC-1","6"
"CAGATTGTCCTTCGAC-1","8"
"CAGCAATGTGGTCTTA-1","6"
"CAGCAATTCTGAATCG-1","5"
"CAGCAGCAGTCGTCTA-1","6"
"CAGCCAGGTCACCGAC-1","5"
"CAGCGTGCAGCAGAAC-1","5"
"CAGGGCTGTCCTACAA-1","5"
"CAGGTATGTGGCCTCA-1","6"
"CAGGTATTCAGGGATG-1","5"
"CAGTTAGCATTCATCT-1","8"
"CAGTTCCGTGCACGCT-1","8"
"CAGTTCCTCATCCTGC-1","7"
"CATACAGAGTAGAATC-1","6"
"CATACCCTCTCAGTCC-1","5"
"CATACTTAGGATACGC-1","5"
"CATAGACCAACACACT-1","7"
"CATCAAGGTCATAACC-1","7"
"CATCCACAGCTTCTAG-1","6"
"CATCCCAAGTTACGAA-1","5"
"CATCCCACAAGAGCTG-1","7"
"CATCCCATCCACCCTA-1","7"
"CATCCCATCCCTCAAC-1","8"
"CATCGTCCAAAGGCAC-1","6"
"CATCGTCGTCACTAGT-1","6"
"CATCGTCTCCTCTCGA-1","5"
"CATGAGTCATGACTCA-1","5"
"CATGAGTTCCGTAGGC-1","6"
"CATGCAACACCTGTCT-1","5"
"CATGCCTAGTTGCGAG-1","6"
"CATGCCTGTATACCCA-1","5"
"CATGCGGTCAACCGAT-1","6"
"CATGCTCAGGCTCACC-1","6"
"CATGCTCGTTATGGTC-1","5"
"CATGGATCATCCAACA-1","5"
"CATGGTATCTGGCTGG-1","5"
"CATTCATAGCACGTCC-1","6"
"CATTCATTCCTCACTG-1","5"
"CATTCCGAGTTCCATG-1","6"
"CATTCCGGTGGCTTAT-1","7"
"CATTCTAGTGCCCGTA-1","7"
"CATTCTATCGCTCATC-1","8"
"CATTGCCGTCACGTGC-1","6"
"CATTGTTCAAGTACCT-1","8"
"CATTTCAAGTGTTCCA-1","5"
"CATTTCATCAACGCTA-1","6"
"CCAAGCGCACGTCATA-1","6"
"CCAAGCGCACTGAGGA-1","5"
"CCAAGCGTCACTCTTA-1","5"
"CCACAAACATCGATCA-1","5"
"CCACAAAGTTGGGTAG-1","6"
"CCACCATAGGTGGTTG-1","8"
"CCACCATAGTGGATTA-1","8"
"CCACTTGGTGGTAATA-1","7"
"CCACTTGTCCAAAGGG-1","6"
"CCACTTGTCCTAAGTG-1","8"
"CCACTTGTCCTCCACA-1","7"
"CCATAAGAGGACTGGT-1","6"
"CCATCACTCCGTTTCG-1","7"
"CCCAACTCACACCAGC-1","6"
"CCCAACTTCGGTCTAA-1","8"
"CCCATTGCATGGTACT-1","8"
"CCCATTGGTATCGTAC-1","7"
"CCCATTGGTTTAGTCG-1","5"
"CCCGGAACACGCTTAA-1","6"
"CCCTCAAAGAGTCAAT-1","5"
"CCCTCAAGTACGTACT-1","7"
"CCCTCAAGTCTTGGTA-1","7"
"CCCTGATAGCTTCTAG-1","6"
"CCCTGATTCTCAATCT-1","6"
"CCCTTAGCAGTGCCTG-1","7"
"CCGATCTGTCGCATGC-1","6"
"CCGATGGAGCTATCCA-1","6"
"CCGATGGAGTGCGCTC-1","6"
"CCGATGGCATACGCAT-1","6"
"CCGGACAGTCTTACAG-1","7"
"CCGGGTAGTAGCTTAC-1","8"
"CCGGGTATCTGGGCGT-1","5"
"CCGGTAGAGCAAACAT-1","6"
"CCGGTGATCGATACAC-1","6"
"CCGTGAGCAGAAATTG-1","8"
"CCGTTCACACTAAACC-1","5"
"CCTAACCGTCCAAAGG-1","8"
"CCTAACCTCATGACAC-1","7"
"CCTAAGAAGAGGTCGT-1","5"
"CCTAAGACAGGCACTC-1","5"
"CCTATCGCACTAAACC-1","6"
"CCTATCGGTCGTGTTA-1","8"
"CCTATCGTCGTTCCCA-1","5"
"CCTATCGTCTTACCGC-1","5"
"CCTCACACACAGCATT-1","8"
"CCTCCAAAGAGCAGTC-1","6"
"CCTCCAACAAAGGTTA-1","6"
"CCTCCAACATAGTCAC-1","6"
"CCTCCTCCACGCGCAT-1","6"
"CCTCTAGTCCGTCCTA-1","6"
"CCTCTCCAGCCGGAAT-1","5"
"CCTTGTGAGGTCCAGA-1","5"
"CCTTGTGCAGGACGAT-1","5"
"CGAAGGAAGGTATCTC-1","5"
"CGAAGTTAGCCTTTCC-1","6"
"CGAAGTTGTACGACAG-1","8"
"CGAAGTTTCTACTTCA-1","6"
"CGACAGCCACATAGCT-1","6"
"CGAGGCTTCATCACAG-1","5"
"CGAGTTACATTGCTGA-1","7"
"CGAGTTATCACACGAT-1","6"
"CGATCGGCACACAGAG-1","7"
"CGATCGGGTGCGCTCA-1","5"
"CGATCGGTCTTAAGGC-1","6"
"CGATGGCGTATGCGTT-1","8"
"CGATGGCTCATGCCCT-1","5"
"CGCAGGTTCAGACCCG-1","7"
"CGCATAAGTAATCAAG-1","8"
"CGCATGGCATGTTACG-1","6"
"CGCATGGGTAGTGATA-1","8"
"CGCCAGATCAGGTGTT-1","6"
"CGCCATTAGATGGTAT-1","6"
"CGCCATTTCCAAAGGG-1","8"
"CGCCATTTCGTAGTCA-1","7"
"CGCGTGAAGCTCCACG-1","5"
"CGCGTGATCATTATCC-1","5"
"CGGAACCGTGCATACT-1","6"
"CGGAATTGTGGTCCCA-1","6"
"CGGACACGTGACAGCA-1","8"
"CGGACACGTGGCTTGC-1","7"
"CGGACACGTGTCCTAA-1","6"
"CGGACACTCTGGAAGG-1","6"
"CGGAGAATCCCAATAG-1","5"
"CGGGACTCACGCGCTA-1","8"
"CGGGACTGTAACACCT-1","5"
"CGGGACTGTAATACCC-1","6"
"CGGGACTGTGGATGAC-1","8"
"CGGGCATAGGGTGAAA-1","8"
"CGGGCATCACATAGCT-1","5"
"CGGGCATTCACCCTTG-1","5"
"CGGGTGTAGATTAGAC-1","5"
"CGGGTGTCACGACGAA-1","5"
"CGGGTGTCAGAAATCA-1","6"
"CGGGTGTTCTTAGCAG-1","7"
"CGGTCAGCAAGCTGCC-1","8"
"CGGTCAGGTTAGGCCC-1","8"
"CGTAAGTGTCTTGCGG-1","7"
"CGTAAGTTCGCGCTGA-1","8"
"CGTAATGGTTATTCCT-1","8"
"CGTAATGTCCGAGTGC-1","6"
"CGTCCATAGTTCCGTA-1","8"
"CGTCCATGTAGTGCGA-1","7"
"CGTGAATGTTACACAC-1","8"
"CGTGCTTGTAGTATAG-1","5"
"CGTTAGAGTATGAGCG-1","8"
"CGTTCTGAGTCAGCCC-1","6"
"CGTTGGGAGCAGCCCT-1","8"
"CGTTGGGCAACGGTAG-1","8"
"CGTTGGGGTAGATCGG-1","6"
"CGTTGGGGTGCATTAC-1","6"
"CTAACTTCACCCAACG-1","8"
"CTAACTTCAGCCTATA-1","8"
"CTAACTTCAGCGATTT-1","6"
"CTAAGTGTCCAAGAGG-1","6"
"CTAAGTGTCCTCGATC-1","5"
"CTACAGAGTAACAGTA-1","6"
"CTACAGAGTAACATGA-1","7"
"CTACCCACATTCAGGT-1","5"
"CTACCCATCCATTTCA-1","8"
"CTACCCATCCTCATAT-1","8"
"CTACGGGGTCCAGAAG-1","6"
"CTACGGGGTCGACTTA-1","8"
"CTACTATAGTGGATTA-1","6"
"CTACTATCAAGGAGTC-1","5"
"CTACTATTCTGTACAG-1","7"
"CTACTATTCTTGGCTC-1","6"
"CTAGACAGTTGCGGAA-1","6"
"CTATAGGGTGGTCTAT-1","6"
"CTATAGGTCGCAGTCG-1","5"
"CTATCCGAGCACGATG-1","6"
"CTCAACCTCTCCTGAC-1","5"
"CTCAGAACAAATGAAC-1","8"
"CTCAGAACATTGAAGA-1","5"
"CTCAGGGGTCATGGCC-1","6"
"CTCAGGGGTCTCGGGT-1","5"
"CTCAGTCTCGGCTATA-1","6"
"CTCATCGCACTGAGTT-1","6"
"CTCATCGGTGTCCGGT-1","5"
"CTCCACAAGTGGAAGA-1","6"
"CTCCACAGTCGTCAGC-1","6"
"CTCCACATCACGAGGA-1","8"
"CTCCATGCAATCAGCT-1","5"
"CTCCATGCAGAGTTCT-1","5"
"CTCCATGGTAGACGTG-1","6"
"CTCCCTCAGGTAACTA-1","5"
"CTCCCTCCATCCGATA-1","6"
"CTCCCTCCATGGGTTT-1","5"
"CTCCGATAGCGAATGC-1","8"
"CTCCGATCACCAGCCA-1","7"
"CTCCGATGTGGTCTCG-1","6"
"CTCCGATGTTTGTTCT-1","6"
"CTCCGATTCAGCTGTA-1","8"
"CTCCGATTCCTTCAGC-1","6"
"CTCCTCCTCAGGAGAC-1","7"
"CTCCTTTCATGAAAGT-1","8"
"CTCGAGGGTCGAAACG-1","7"
"CTCGAGGTCCGATGCG-1","5"
"CTCTCAGAGCTGGAGT-1","7"
"CTCTCAGGTTCTGAGT-1","5"
"CTCTCGAAGCTCGACC-1","8"
"CTCTCGACAGCAGTAG-1","6"
"CTCTCGAGTCGCCTAG-1","8"
"CTCTCGAGTGGCTGAA-1","6"
"CTCTGGTCAACCCGCA-1","5"
"CTCTGGTGTCAAACGG-1","6"
"CTGAATGAGTTGTCGT-1","5"
"CTGAATGCAGCAGTTT-1","6"
"CTGAATGGTTCGTAAC-1","8"
"CTGAATGTCAAGTCTG-1","8"
"CTGAGCGCAACGGCCT-1","6"
"CTGAGCGCACGCAAAG-1","5"
"CTGAGCGCAGTTTCAG-1","6"
"CTGAGCGCATGCCATA-1","6"
"CTGAGCGGTTATAGAG-1","5"
"CTGAGGCGTGAGTCAG-1","5"
"CTGATCCAGCACTGGA-1","5"
"CTGATCCAGGGAGGCA-1","6"
"CTGCATCCAAGTGCAG-1","6"
"CTGCCTACAGGTCAAG-1","6"
"CTGCGAGTCATCACAG-1","5"
"CTGCTCAAGCGATCGA-1","8"
"CTGGCAGAGGTCACCC-1","5"
"CTGGCAGCACTAGAGG-1","7"
"CTGGCAGGTCGGCACT-1","7"
"CTGGCAGTCGAAATCC-1","5"
"CTGGTCTCATTGTACG-1","5"
"CTGGTCTTCCATCTCG-1","6"
"CTGTACCAGCACTTTG-1","6"
"CTGTACCTCTGTCTCG-1","7"
"CTGTAGAAGATGCTAA-1","6"
"CTGTATTAGTGCAACG-1","6"
"CTGTCGTAGTTGGAAT-1","6"
"CTGTCGTCAACAGCCC-1","8"
"CTGTGAAGTTCAAGGG-1","7"
"CTGTGGGCATTGTCGA-1","8"
"CTGTGGGGTAGGCAAC-1","6"
"CTGTGGGTCGTGCTCT-1","6"
"CTTACCGGTAGATCGG-1","5"
"CTTACCGGTCCAAGAG-1","6"
"CTTAGGACACCGGAAA-1","8"
"CTTAGGAGTAACGTTC-1","5"
"CTTCAATCAAAGGATT-1","6"
"CTTCAATCATCTCCCA-1","8"
"CTTCAATGTTGTCCCT-1","6"
"CTTCCGAGTGGCACTC-1","5"
"CTTCCTTGTGCATGTT-1","6"
"CTTCGGTAGCTAGATA-1","5"
"CTTCGGTGTAGTCTGT-1","5"
"CTTCTAAGTAGTTCCA-1","6"
"CTTCTCTGTCCCACGA-1","7"
"CTTGAGATCTTAGCAG-1","8"
"CTTGATTGTTAATGAG-1","6"
"CTTTCAAAGTCACGCC-1","5"
"GAACACTAGCTTTCTT-1","7"
"GAACACTAGTTGGCGA-1","8"
"GAACGTTTCCGACATA-1","6"
"GAACTGTCACAGTGAG-1","7"
"GAAGCGAGTACTCCGG-1","8"
"GAAGGACCATCCGTTC-1","5"
"GAAGGGTAGGGATCGT-1","5"
"GAAGTAATCACAGAGG-1","6"
"GAATCGTAGAGCCTGA-1","5"
"GACACGCCAGGTCCGT-1","8"
"GACACGCGTGCGCTCA-1","6"
"GACATCAAGCAACAGC-1","8"
"GACATCAGTAAGCGGT-1","6"
"GACATCAGTAGTCACT-1","6"
"GACATCATCTGTCGTC-1","8"
"GACCAATCAATATCCG-1","7"
"GACCCAGAGAGTGTGC-1","5"
"GACCCAGCAGTGTGCC-1","7"
"GACCCTTTCGAGTCCG-1","8"
"GACCGTGTCTTAGGAC-1","6"
"GACGCTGCAGACTCTA-1","6"
"GACGTTACAAGTTTGC-1","6"
"GACGTTATCAGAATAG-1","6"
"GACGTTATCCTATTTG-1","7"
"GACTATGGTTAATCGC-1","5"
"GACTATGTCCTAGAGT-1","6"
"GACTCAACACAGCGCT-1","5"
"GACTCTCAGCTGTTCA-1","7"
"GACTCTCCAGTTCCAA-1","6"
"GACTCTCTCCACACCT-1","8"
"GACTGATCAACGACTT-1","5"
"GACTGATGTTAAGGGC-1","6"
"GACTGATGTTATCTTC-1","7"
"GACTTCCCAGTCACGC-1","6"
"GAGAAATAGGGCCCTT-1","6"
"GAGACCCGTAGTCCTA-1","6"
"GAGACCCTCCTCGCAT-1","6"
"GAGAGGTGTAGAGTTA-1","6"
"GAGCCTGTCAGTGGGA-1","6"
"GAGGCAATCGACCAAT-1","8"
"GAGGCCTAGGAACGCT-1","5"
"GAGGCCTCAATCTCTT-1","5"
"GAGGCCTCATACAGGG-1","7"
"GAGGCCTGTCTTGAAC-1","6"
"GAGGGATCACACGGTC-1","5"
"GAGGGTAAGGAGTCTG-1","6"
"GAGGGTACACCCTGAG-1","5"
"GAGGGTAGTAGGACCA-1","8"
"GAGTCTAAGAGCCGAT-1","7"
"GAGTCTACAGCCCACA-1","6"
"GAGTGAGTCCACGTGG-1","6"
"GAGTGTTGTGAACTAA-1","5"
"GAGTTACCATACGCAT-1","6"
"GAGTTTGGTCCATACA-1","5"
"GATAGAACACTGAGTT-1","8"
"GATAGAATCAGCCTTC-1","6"
"GATAGAATCTATCACT-1","6"
"GATCACACAGTTGTCA-1","6"
"GATCAGTAGACCTCAT-1","7"
"GATCAGTGTGATCATC-1","5"
"GATCATGAGGAAGTAG-1","6"
"GATCATGGTGTATACC-1","7"
"GATCCCTAGGAATTAC-1","6"
"GATCGTAAGAAGCCAC-1","5"
"GATCGTAAGCAAGGAA-1","6"
"GATCGTAGTCGACGCT-1","8"
"GATGACTCACGCTATA-1","6"
"GATGACTGTAGGAGTC-1","8"
"GATGACTGTGCCGAAA-1","6"
"GATGAGGAGAGGCGGA-1","8"
"GATGAGGAGCTACTGT-1","5"
"GATGAGGGTACCGGCT-1","6"
"GATGGAGAGAGGCGGA-1","5"
"GATGGAGCACCATAAC-1","5"
"GATGGAGGTCCCAAAT-1","7"
"GATGTTGGTCGTTATG-1","5"
"GATTTCTAGGTAACTA-1","8"
"GATTTCTGTATTTCCT-1","6"
"GCAACATGTATCGCTA-1","6"
"GCAACCGCAACACTAC-1","8"
"GCAACCGCACACGGAA-1","7"
"GCACATAGTCCACATA-1","8"
"GCACATAGTGGAACCA-1","5"
"GCACGTGCAACTGGTT-1","5"
"GCACGTGGTGTACAGG-1","8"
"GCACTAAAGGGTCTTT-1","6"
"GCACTAACAGGTTTAC-1","7"
"GCACTAATCCCACAGG-1","6"
"GCACTAATCTGCGTCT-1","8"
"GCAGCCAGTCTTACAG-1","8"
"GCAGCCATCTGCTGAA-1","8"
"GCAGCTGAGTTCCTGA-1","6"
"GCAGCTGCAAATACGA-1","6"
"GCAGCTGCAGGTACGA-1","5"
"GCAGGCTAGCGTTCCG-1","6"
"GCAGGCTCAGATCCAT-1","7"
"GCAGTTAAGCGATTCT-1","8"
"GCATCTCCATCAACCA-1","6"
"GCATCTCGTTTGGAAA-1","8"
"GCATCTCTCACGGGAA-1","6"
"GCATGATCAGTGTGCC-1","8"
"GCATTAGAGTTCCGGC-1","5"
"GCCAACGAGGAGCAAA-1","5"
"GCCAACGTCTTTACAC-1","6"
"GCCAGCAAGGTCTACT-1","7"
"GCCAGCACACCGGCTA-1","8"
"GCCAGCATCCAGCCTT-1","6"
"GCCAGCATCGGTGTAT-1","7"
"GCCAGGTCATACCAGT-1","7"
"GCCAGTGTCTGCGATA-1","6"
"GCCCAGAGTGAGGATC-1","8"
"GCCCGAAAGGTACAAT-1","8"
"GCGATCGAGTCAGGGT-1","5"
"GCGATCGCAGACAATA-1","6"
"GCGATCGGTCGTTATG-1","6"
"GCGGAAACACCAGCCA-1","8"
"GCGGATCCATTGAGCT-1","8"
"GCGGATCTCGAGAGCA-1","8"
"GCGTTTCCAATAGAGT-1","6"
"GCGTTTCCACGCTATA-1","5"
"GCTACCTTCGATGCAT-1","8"
"GCTGAATGTACGGATG-1","6"
"GCTGAATGTCATAACC-1","8"
"GCTGGGTCAAGAGGTC-1","5"
"GCTTCACGTAGAGTTA-1","6"
"GCTTTCGCACCCTTGT-1","6"
"GGAACCCCACGAAGAC-1","8"
"GGAAGTGCAGCTTTCC-1","8"
"GGAATCTGTTGTTGAC-1","7"
"GGAATGGCAGCGACAA-1","5"
"GGACGTCAGCAAGTGC-1","5"
"GGACGTCGTTCGGTCG-1","8"
"GGAGAACTCATTATCC-1","5"
"GGAGATGAGAATAACC-1","5"
"GGAGCAAAGAGAATCT-1","5"
"GGAGCAACACGCAGTC-1","6"
"GGAGGTAGTTGAGGAC-1","8"
"GGATGTTGTGTTGCCG-1","6"
"GGCGTCAAGATAACGT-1","5"
"GGCGTCACAGTCGCAC-1","8"
"GGCGTCAGTACGAAAT-1","8"
"GGCTTGGTCCGCAGTG-1","6"
"GGCTTTCCAGCGACAA-1","8"
"GGGAAGTTCATCACCC-1","6"
"GGGACAAAGCTGACTT-1","5"
"GGGACAACAGAGTGAC-1","5"
"GGGACCTAGTCAGGGT-1","7"
"GGGAGATTCGATACGT-1","6"
"GGGAGATTCGGCTTGG-1","6"
"GGGAGTAGTTGCGTAT-1","6"
"GGGATCCGTGTCATTG-1","6"
"GGGATGACATCCGTTC-1","8"
"GGGCCATAGAATCGCG-1","6"
"GGGCCATTCTCAACCC-1","5"
"GGGCGTTTCGCCAATA-1","6"
"GGGCTACTCAACCGAT-1","8"
"GGGCTCAAGAGTCACG-1","5"
"GGGTAGATCACGATAC-1","5"
"GGGTATTGTATACCTG-1","8"
"GGGTCTGGTGTACAGG-1","6"
"GGGTCTGTCGCTGACG-1","6"
"GGGTGAATCAGATGCT-1","7"
"GGGTGTCGTCACAGTT-1","5"
"GGGTTATAGTACTGTC-1","5"
"GGGTTATCACGGTGAA-1","7"
"GGGTTATGTTGCAACT-1","5"
"GGTAACTCATTCTTCA-1","6"
"GGTAACTGTCTCTCTG-1","6"
"GGTAACTTCGAGCCTG-1","7"
"GGTAATCCACCCAAGC-1","8"
"GGTAGAGGTTAGTTCG-1","6"
"GGTAGAGTCAGGGTAG-1","5"
"GGTCTGGGTCCAGCGT-1","5"
"GGTGAAGCAATGAACA-1","6"
"GGTGAAGGTACTTGTG-1","5"
"GGTGATTAGCACTGGA-1","5"
"GGTGATTCAGAACTAA-1","7"
"GGTGGCTCAACCTATG-1","6"
"GGTGGCTTCACCTTAT-1","6"
"GGTGTCGAGGCGTCCT-1","5"
"GGTGTCGCACATATCG-1","5"
"GGTGTCGTCGCTCCTA-1","6"
"GGTGTTACAACGGCCT-1","8"
"GGTGTTACATTGTCGA-1","6"
"GGTGTTAGTGCAATGG-1","5"
"GGTGTTATCTAGTGAC-1","8"
"GGTTAACAGGAGTCTG-1","8"
"GGTTAACCAAATTAGG-1","6"
"GGTTGTATCGACGAGA-1","6"
"GTAACACAGCGGTAGT-1","6"
"GTAACCAAGTGAACAT-1","8"
"GTAACCACAACACAAA-1","7"
"GTAACCAGTACATTGC-1","5"
"GTAAGTCAGTTGGCGA-1","5"
"GTAAGTCCAGACGGAT-1","6"
"GTAATCGCATCGAAGG-1","6"
"GTAATGCCAGTTTCAG-1","5"
"GTACAACCAAAGCTCT-1","6"
"GTAGAGGAGCACTCAT-1","6"
"GTAGAGGGTGGCACTC-1","6"
"GTAGATCAGATAGCTA-1","5"
"GTAGATCCACATAACC-1","8"
"GTAGCTACACCAGACC-1","6"
"GTAGCTAGTAGAAACT-1","6"
"GTAGGAGCATGATCTG-1","8"
"GTAGGAGTCGGTCAGC-1","6"
"GTAGGTTCAGTTACCA-1","6"
"GTAGGTTTCCTAGAGT-1","6"
"GTAGGTTTCGGTCTGG-1","8"
"GTAGTACCAAGTGGTG-1","7"
"GTATTTCAGATAGTGT-1","7"
"GTATTTCCATGGGAAC-1","6"
"GTCAAACGTCTTTCTA-1","8"
"GTCAAGTAGCGGCTCT-1","6"
"GTCAAGTGTTGCCATA-1","6"
"GTCACGGCAACCAATC-1","6"
"GTCACTCGTGTATTCG-1","6"
"GTCACTCGTTCAGGTT-1","7"
"GTCAGCGAGAATTCAG-1","6"
"GTCAGCGCAGTCAGCC-1","8"
"GTCAGCGCATACCAGT-1","6"
"GTCATGACAAGGACAC-1","6"
"GTCATGAGTGAGTAAT-1","6"
"GTCATTTAGGTGGTTG-1","5"
"GTCATTTTCTCTGCCA-1","5"
"GTCCCATCACGGCTAC-1","8"
"GTCCCATTCATTTACC-1","6"
"GTCCCATTCGGCTGGT-1","5"
"GTCCTCATCTTCGTGC-1","8"
"GTCGAATAGACGGTTG-1","7"
"GTCGAATCAGCTCGGT-1","7"
"GTCGAATTCAGCGTCG-1","5"
"GTCGTAAGTCGTGCCA-1","6"
"GTCGTAATCGACGATT-1","5"
"GTCGTTCCAACACTAC-1","6"
"GTCGTTCGTAATGATG-1","5"
"GTCGTTCTCGCAACAT-1","5"
"GTCGTTCTCGTTGTGA-1","6"
"GTCTACCGTGTTCATG-1","6"
"GTCTAGAGTACGTTCA-1","8"
"GTCTAGATCCGACAGC-1","8"
"GTCTCACGTAATCAAG-1","8"
"GTCTCACGTGCCGGTT-1","5"
"GTCTCACTCAAAGGTA-1","5"
"GTCTTTACAGTTGTCA-1","5"
"GTCTTTAGTGATACAA-1","5"
"GTCTTTAGTTGAATCC-1","6"
"GTGACGCAGTGTCATC-1","5"
"GTGACGCGTATCTCTT-1","8"
"GTGACGCTCTGGAAGG-1","5"
"GTGAGCCTCAGTCATG-1","8"
"GTGAGCCTCTGTGTGA-1","8"
"GTGAGGATCAAGCTTG-1","6"
"GTGATGTGTAGGCAAC-1","6"
"GTGATGTGTGCTCCGA-1","5"
"GTGCACGGTAGGGAGG-1","7"
"GTGCAGCGTTAAGCAA-1","7"
"GTGCTGGCAAAGGGTC-1","5"
"GTGCTTCTCATAGCAC-1","5"
"GTGCTTCTCTCGTCAC-1","5"
"GTGGAAGTCCCATTTA-1","5"
"GTGGAGACAAAGAGTT-1","6"
"GTGGAGAGTGGATGAC-1","8"
"GTGGCGTAGTTGGAAT-1","5"
"GTGGCGTCAACGGCCT-1","6"
"GTGGGAACAAATCGTC-1","5"
"GTGGGAAGTAGCTGCC-1","8"
"GTGGGAAGTGGAACAC-1","5"
"GTGGGAATCTACTGCC-1","5"
"GTGTAACGTCACCACG-1","5"
"GTGTCCTTCCGGCAAC-1","6"
"GTGTGATTCAAAGCCT-1","5"
"GTGTTAGGTCCAGGTC-1","5"
"GTGTTCCCATCCTGTC-1","5"
"GTTACAGGTGCCCGTA-1","6"
"GTTACCCGTATTGAGA-1","6"
"GTTACGAAGTCGCTAT-1","6"
"GTTACGAGTAGCACGA-1","6"
"GTTACGATCGCAGAGA-1","8"
"GTTAGACCATCCGCGA-1","6"
"GTTAGACGTTTCTTAC-1","5"
"GTTAGTGAGCCTCAGC-1","6"
"GTTAGTGCATGCCGGT-1","6"
"GTTAGTGGTCCAAGAG-1","8"
"GTTCGCTAGCCTCTTC-1","5"
"GTTCGCTTCATGGATC-1","6"
"GTTCTATAGAGTTGTA-1","5"
"GTTCTATCAAATACAG-1","6"
"GTTCTATGTACCGGAA-1","8"
"GTTCTATTCCTCGATC-1","5"
"GTTGAACAGGAAGTAG-1","7"
"GTTGCGGGTCGACTGC-1","6"
"GTTGCTCAGATTAGCA-1","7"
"GTTGCTCGTTAAGGGC-1","6"
"GTTGTAGAGAGCAGTC-1","7"
"GTTGTAGAGCGTGCCT-1","6"
"GTTGTAGCAAGCGCTC-1","6"
"GTTGTAGCAAGCTGTT-1","8"
"GTTGTAGGTGGCCACT-1","5"
"GTTGTCCGTGCGACAA-1","7"
"GTTGTCCTCCGCATAA-1","5"
"GTTTGGACATATCTCT-1","6"
"GTTTGGAGTGTTCCTC-1","6"
"GTTTGGATCCTGTTGC-1","5"
"TAACACGGTAGTCACT-1","5"
"TAACCAGCATCGTGGC-1","7"
"TAACGACTCACTCGAA-1","5"
"TAACGACTCATAGACC-1","5"
"TAACGACTCATTGCTT-1","8"
"TAACTTCCAAGACCTT-1","8"
"TAAGCACAGATGACCG-1","6"
"TAAGCACCACTAACGT-1","6"
"TAAGCACTCATCACAG-1","6"
"TAAGCCAAGGCGTCCT-1","5"
"TAAGCGTCATTGGATC-1","6"
"TAATCTCCAAACACGG-1","5"
"TAATCTCGTTGCATTG-1","5"
"TAATCTCTCTTCGCTG-1","8"
"TACAACGAGCGTGAGT-1","6"
"TACAACGCACATGACT-1","8"
"TACAACGCACTCAAGT-1","8"
"TACAACGCAGTAGTTC-1","8"
"TACACCCGTACTTCCC-1","5"
"TACAGGTAGGATACCG-1","7"
"TACAGGTGTTGTGGAG-1","5"
"TACATTCCAAGGATGC-1","8"
"TACATTCTCTGGTCAA-1","6"
"TACCCACCAGGTCAAG-1","7"
"TACCCACCATGTGTCA-1","5"
"TACCCACGTGAGAGGG-1","5"
"TACCGGGCACCCAATA-1","6"
"TACCTCGTCGGACGTC-1","6"
"TACCTGCAGGAGCAAA-1","8"
"TACGCTCGTAGTTCCA-1","5"
"TACGGGCCACGCTGAC-1","6"
"TACGGGCGTCTGTGTA-1","7"
"TACGGTACATTCATCT-1","5"
"TACGGTAGTTTCGTTT-1","6"
"TACGTCCCAAATTGCC-1","6"
"TACGTCCGTGTTAGCT-1","5"
"TACTGCCTCATGGCCG-1","7"
"TACTTACTCCGATTAG-1","8"
"TACTTACTCTACGGTA-1","6"
"TACTTCACAGCTATTG-1","6"
"TACTTGTCATTGAGGG-1","6"
"TAGACTGCAATCTGCA-1","6"
"TAGACTGCATAAGCAA-1","7"
"TAGACTGGTTGTGTAC-1","6"
"TAGACTGTCCACTTTA-1","8"
"TAGAGTCTCATGGATC-1","5"
"TAGATCGCATGGGCAA-1","6"
"TAGGGTTTCCACTTTA-1","8"
"TAGGTACCAATTCGTG-1","7"
"TAGGTTGTCCTAAGTG-1","6"
"TAGTGCAAGGTCGTAG-1","8"
"TAGTGCAAGTGCTCAT-1","8"
"TATATCCTCCTAAACG-1","5"
"TATCAGGAGTCATGCT-1","6"
"TATCAGGCACTGCGAC-1","7"
"TATCAGGTCTCCTGTG-1","5"
"TATCGCCAGTAAATGC-1","8"
"TATCGCCGTATCGCGC-1","8"
"TATCGCCGTATGAGCG-1","5"
"TATCGCCGTGCCAAGA-1","6"
"TATCTGTCACCACATA-1","6"
"TATCTTGCAGACGCTC-1","5"
"TATTCCACATCGATAC-1","8"
"TATTGCTCAGGCCTGT-1","5"
"TATTGCTGTTTGGAAA-1","6"
"TATTGGGAGGCACTAG-1","8"
"TATTGGGCAGCGACCT-1","8"
"TATTTCGAGTCATGAA-1","6"
"TATTTCGGTTCGGCGT-1","6"
"TCAAGACCATTGAAAG-1","6"
"TCAAGACGTCATATGC-1","8"
"TCAAGACGTGACCTGC-1","7"
"TCAAGTGAGAGTATAC-1","5"
"TCAAGTGAGTTGCATC-1","6"
"TCAAGTGTCATATGGC-1","5"
"TCAAGTGTCCGCTTAC-1","6"
"TCAATTCGTTCCGTTC-1","6"
"TCACAAGAGGCTGGAT-1","5"
"TCACACCTCCAAGAGG-1","8"
"TCACGCTTCCTGTAAG-1","6"
"TCACGGGTCTAGATCG-1","5"
"TCACGGGTCTATCGGA-1","5"
"TCACTATCACTGAATC-1","5"
"TCACTATGTTGCGTAT-1","6"
"TCACTCGTCATTCATC-1","8"
"TCACTCGTCTCAGGCG-1","8"
"TCAGCAAAGCCTCTGG-1","6"
"TCAGCAAAGGGCAGTT-1","8"
"TCAGCCTAGAACGCGT-1","6"
"TCAGGGCTCAAGTAAG-1","8"
"TCAGGGCTCCGTGTAA-1","8"
"TCAGGGCTCTGGTGGC-1","6"
"TCAGGTACAACCACAT-1","6"
"TCAGTCCCAAAGGAGA-1","6"
"TCAGTCCCACAGTATC-1","6"
"TCAGTGAGTCTACTGA-1","6"
"TCAGTGATCAATGTCG-1","5"
"TCAGTTTCAACCGACC-1","7"
"TCATACTCAAAGCACG-1","6"
"TCATCATGTGGCTCTG-1","8"
"TCATCCGTCATGCAGT-1","6"
"TCATGAGAGCGATCGA-1","6"
"TCATGAGCATCCCACT-1","8"
"TCATGCCGTCGTCAGC-1","8"
"TCATGGAGTAACACCT-1","6"
"TCATGTTTCGCCATAA-1","5"
"TCATTACGTCCGGTGT-1","6"
"TCATTCAAGTATGTAG-1","8"
"TCATTCAGTATCCTTT-1","6"
"TCATTTGCACAGACGA-1","8"
"TCATTTGCATTGTACG-1","6"
"TCATTTGGTCACCCTT-1","8"
"TCATTTGGTCCTCCAT-1","5"
"TCCACCACAACCAGAG-1","7"
"TCCACGTTCAACACGT-1","8"
"TCCACGTTCATAGCAC-1","5"
"TCCAGAAAGCGTTCAT-1","5"
"TCCAGAAAGGTGAGAA-1","6"
"TCCAGAACAGCCTATA-1","6"
"TCCATCGAGCTAGTTC-1","5"
"TCCATCGGTAGGGTAC-1","7"
"TCCATGCCAACCAATC-1","6"
"TCCATGCGTCAGACGA-1","8"
"TCCCACAAGCTGCGAA-1","5"
"TCCCACAGTCAAACGG-1","6"
"TCCCACAGTGTGGTCC-1","6"
"TCCCAGTAGCGAGTCA-1","6"
"TCCCAGTGTCGCTCGA-1","6"
"TCCCAGTTCAACGCTA-1","8"
"TCCCATGGTTTGAAAG-1","7"
"TCCGATCAGTTGTACC-1","6"
"TCCGATCGTCGGCCTA-1","8"
"TCCGATCTCACGTCCT-1","8"
"TCCGGGACAGTACTAC-1","6"
"TCCTAATAGATTGAGT-1","7"
"TCCTAATTCGGCTGTG-1","7"
"TCCTCCCGTGGAAGTC-1","8"
"TCCTCGAGTCTTTCAT-1","8"
"TCCTCTTAGAGGTCGT-1","6"
"TCCTCTTCATTGCCTC-1","7"
"TCCTCTTTCACTGTCC-1","6"
"TCCTCTTTCTTCGGTC-1","7"
"TCCTGCACATATAGCC-1","8"
"TCCTTCTAGACCAACG-1","8"
"TCCTTCTGTCACAGTT-1","6"
"TCCTTCTTCTTCGACC-1","6"
"TCCTTTCAGGATACGC-1","6"
"TCCTTTCCAAGCAATA-1","8"
"TCGAACATCATGCCGG-1","7"
"TCGAAGTGTATCGAGG-1","6"
"TCGAAGTTCTGCGATA-1","5"
"TCGACCTCAAATGATG-1","6"
"TCGACCTCACGCGTCA-1","6"
"TCGACCTCATAACTCG-1","5"
"TCGACGGGTGCCTAAT-1","6"
"TCGACGGGTTAGTTCG-1","6"
"TCGATTTCAGCAGAAC-1","8"
"TCGCACTCAGAGAAAG-1","5"
"TCGCAGGAGGTAGACC-1","7"
"TCGCTCAAGGTGCATG-1","8"
"TCGCTCAGTCCACTTC-1","8"
"TCGCTTGAGTTCATGC-1","8"
"TCGGATACATGACACT-1","6"
"TCGGGACGTAGAGTTA-1","5"
"TCGGGCAAGAGAGCAA-1","6"
"TCGGGCAAGTCGCCAC-1","5"
"TCGGGCACAGTCGGTC-1","6"
"TCGGGTGAGAGGACTC-1","5"
"TCGTAGAAGCATGGGT-1","5"
"TCGTAGACACGCGTGT-1","5"
"TCGTCCATCAGCACCG-1","5"
"TCGTGCTGTGGCATCC-1","5"
"TCGTGGGAGGGATCGT-1","6"
"TCGTGGGCATCCCACT-1","5"
"TCGTGGGGTCTCGCGA-1","5"
"TCTACATAGGGTAGCT-1","6"
"TCTACCGCAAGTCCAT-1","6"
"TCTACCGTCAAGGTGG-1","7"
"TCTCCGATCCGAGAAG-1","8"
"TCTCTGGGTGCCGGTT-1","5"
"TCTGGCTAGCGTCAAG-1","6"
"TCTGGCTTCCGGACTG-1","6"
"TCTGTCGAGTCGGCAA-1","8"
"TCTTAGTGTTCCTAGA-1","8"
"TCTTCCTAGGTGAGAA-1","8"
"TCTTTGATCACAGAGG-1","6"
"TGAACGTGTCCCGGTA-1","7"
"TGAACGTTCGAGAAGC-1","8"
"TGAACGTTCTTCCACG-1","5"
"TGAATCGGTGAGACCA-1","8"
"TGAATGCTCTTTGGAG-1","5"
"TGACAGTCAACAAAGT-1","6"
"TGACAGTGTGATACAA-1","6"
"TGACGCGCATAGGCGA-1","6"
"TGACGCGTCGTCGGGT-1","6"
"TGACTCCAGAGCCGTA-1","7"
"TGAGACTGTGTGAGCA-1","6"
"TGAGACTTCGATACTG-1","8"
"TGAGCATAGCGTGTCC-1","6"
"TGAGCATTCCTTATAC-1","8"
"TGAGCGCTCTAGTTCT-1","6"
"TGAGGAGCACTAGGTT-1","8"
"TGAGGAGCAGAGAGGG-1","5"
"TGAGGAGTCACGTCCT-1","6"
"TGAGGGATCGCCGATG-1","8"
"TGAGGTTCACAGTGTT-1","5"
"TGAGGTTCACCTGCTT-1","6"
"TGAGTCAGTAGTGCGA-1","8"
"TGAGTCAGTGAGACGT-1","6"
"TGATCAGGTGCCGTTG-1","6"
"TGATCAGTCGCTTTAT-1","6"
"TGATGCATCTCCGATC-1","5"
"TGATTCTAGACATCAA-1","5"
"TGATTCTAGTAGAGTT-1","6"
"TGATTCTCACACCTGG-1","6"
"TGCACGGAGACTTCCA-1","8"
"TGCAGATAGAATCGCG-1","5"
"TGCAGGCGTAGTAAGT-1","7"
"TGCAGTAAGCCTCTTC-1","7"
"TGCATCCAGGAAAGTG-1","5"
"TGCATCCGTATGTCAC-1","5"
"TGCATCCTCGTAGAGG-1","8"
"TGCATGACATGTTTGG-1","5"
"TGCCGAGAGGTGCATG-1","5"
"TGCCGAGGTTAGGCCC-1","8"
"TGCGATAAGAGCCGTA-1","5"
"TGCGGCACAATGTCTG-1","5"
"TGCGGCATCACATTGG-1","8"
"TGCGGGTAGTTACGTC-1","6"
"TGCGGGTGTATACAGA-1","6"
"TGCTCCAGTAGTATAG-1","8"
"TGCTCGTAGAAATTGC-1","5"
"TGCTCGTAGGAGTATT-1","7"
"TGCTCGTCACAGCGCT-1","5"
"TGCTGAACACAGCCTG-1","6"
"TGCTGAAGTAGAGCTG-1","7"
"TGCTGAAGTGCCCGTA-1","7"
"TGCTTCGAGCATGTTC-1","8"
"TGGAACTGTCTGATAC-1","8"
"TGGAGAGAGGTGCATG-1","6"
"TGGAGGATCTAGAGCT-1","5"
"TGGATCAGTATCAAGA-1","6"
"TGGATGTGTAAGTTAG-1","6"
"TGGCGTGAGAGAAGGT-1","5"
"TGGCGTGGTGCGACAA-1","6"
"TGGGAAGAGTACAGAT-1","8"
"TGGGAGAAGGTTGAGC-1","8"
"TGGGAGAGTCTCGGAC-1","6"
"TGGGATTCACTTCAGA-1","6"
"TGGGATTGTAGCTCGC-1","6"
"TGGGATTGTCCTATAG-1","8"
"TGGGATTTCTCGACCT-1","5"
"TGGGCTGCAATAGTAG-1","8"
"TGGGCTGCAGTGTGGA-1","5"
"TGGGCTGGTCCTGAAT-1","5"
"TGGGTTACATTGCTGA-1","5"
"TGGTACAGTCAAAGAT-1","6"
"TGGTAGTAGGGTACAC-1","6"
"TGGTAGTGTACCGGAA-1","8"
"TGGTAGTGTCGAACGA-1","6"
"TGGTAGTTCTCGTCAC-1","6"
"TGGTGATAGCTCGAAG-1","7"
"TGGTTAGAGATAGCAT-1","8"
"TGTAACGCACACCTGG-1","8"
"TGTAAGCTCCAAGCCG-1","5"
"TGTACAGGTACTGTTG-1","5"
"TGTAGACAGGCTAAAT-1","5"
"TGTAGACGTGGCCTCA-1","6"
"TGTCCACGTAGTATAG-1","6"
"TGTCCACGTCCATACA-1","6"
"TGTCCCAAGTCGCGAA-1","6"
"TGTCCCAGTTTACTTC-1","8"
"TGTCCCATCGGAACTT-1","7"
"TGTCCCATCTCATTAC-1","5"
"TGTCCCATCTCTCCGA-1","6"
"TGTGAGTTCCGTTTCG-1","6"
"TGTGCGGAGGCCTTCG-1","6"
"TGTGCGGAGTTGTCGT-1","7"
"TGTGCGGGTACAGGTG-1","5"
"TGTGGCGCAGCTCTGG-1","6"
"TGTGGCGCATAGATCC-1","5"
"TGTGGCGCATGGAGAC-1","5"
"TGTGGCGTCAACTCTT-1","6"
"TGTGTGACAGTCAGTT-1","5"
"TGTGTGAGTAAGCAAT-1","8"
"TGTGTGAGTACTTGTG-1","6"
"TGTTCCGAGACTAGAT-1","7"
"TGTTCCGAGGAGAGTA-1","5"
"TGTTCCGCATCGGAGA-1","5"
"TGTTCCGGTCCAAAGG-1","6"
"TGTTCCGTCTGTGCAA-1","8"
"TGTTCTACATTGGCAT-1","7"
"TGTTCTAGTACCTAGT-1","8"
"TGTTGAGCAAATCAAG-1","8"
"TGTTTGTGTTCTAAGC-1","8"
"TTAATCCTCGAAGAAT-1","7"
"TTACAGGCACAGCCTG-1","6"
"TTACAGGTCTGCATAG-1","6"
"TTACCGCAGATTAGTG-1","6"
"TTACCGCCAAATTGCC-1","8"
"TTACCGCGTTAAGCAA-1","8"
"TTACGTTAGGCTCACC-1","8"
"TTACGTTCAAACAGGC-1","5"
"TTACTGTCACTTTAGG-1","7"
"TTACTGTTCGTAGTGT-1","6"
"TTAGGGTCAATGCAAA-1","5"
"TTAGGGTCACATACGT-1","6"
"TTAGGGTCACCAGCGT-1","6"
"TTAGGGTTCGAGTGAG-1","7"
"TTAGTCTCACACTTAG-1","5"
"TTATTGCTCCCGTGAG-1","6"
"TTCAATCGTTCGATTG-1","5"
"TTCACCGCACAGACGA-1","6"
"TTCACCGCACTACGGC-1","8"
"TTCACCGGTACAGTTC-1","6"
"TTCACCGGTCATGACT-1","7"
"TTCACGCCAGCTCATA-1","6"
"TTCAGGAAGCCTGGAA-1","5"
"TTCAGGAAGCTAGAAT-1","6"
"TTCAGGACAAGCGCAA-1","6"
"TTCAGGACATGATCTG-1","6"
"TTCCACGAGCTACGTT-1","6"
"TTCCACGTCCAAGGGA-1","5"
"TTCCGGTGTACCCAGC-1","5"
"TTCCTAAGTGTTAGCT-1","6"
"TTCCTCTCATCGGAAG-1","7"
"TTCCTCTTCCAACCGG-1","6"
"TTCCTTCAGGTTCATC-1","6"
"TTCCTTCGTGCATCTA-1","7"
"TTCCTTCTCTGCGTCT-1","7"
"TTCGATTAGACTTAAG-1","6"
"TTCGCTGCACCGTCTT-1","7"
"TTCGGTCCATGTGTCA-1","6"
"TTCGGTCTCTGGGCCA-1","8"
"TTCTAACCATATGGCT-1","5"
"TTCTAACGTAGAATGT-1","6"
"TTCTAGTAGACGTCGA-1","5"
"TTCTAGTGTATTCTCT-1","8"
"TTCTAGTGTCTGATAC-1","7"
"TTCTAGTTCTGAGGCC-1","5"
"TTCTCTCTCCCGAGTG-1","6"
"TTCTCTCTCGCTAATG-1","7"
"TTCTGTAGTTCGGCTG-1","5"
"TTCTTCCGTACTAACC-1","5"
"TTCTTCCGTCTGATCA-1","8"
"TTCTTCCTCGAGAGAC-1","8"
"TTCTTGAAGCGACTTT-1","6"
"TTCTTGAAGGTACAAT-1","6"
"TTGAACGAGTGGCCTC-1","6"
"TTGAACGCATTGTCGA-1","7"
"TTGAACGTCAAACCTG-1","7"
"TTGAGTGCAAAGGATT-1","6"
"TTGAGTGCAAGAGTAT-1","6"
"TTGCATTCAACCGACC-1","6"
"TTGCCTGCACATGGTT-1","7"
"TTGCCTGTCCTTATCA-1","6"
"TTGCCTGTCTAGATCG-1","6"
"TTGCGTCAGAATTCAG-1","5"
"TTGCGTCGTAACATCC-1","8"
"TTGCTGCCACACTTAG-1","6"
"TTGCTGCCACTCAAGT-1","6"
"TTGGATGGTGTAGGAC-1","6"
"TTGGATGGTTGGGTAG-1","6"
"TTGGGATCAGCTGAGA-1","6"
"TTGGGATTCCATAGGT-1","8"
"TTGGGCGGTACACTCA-1","8"
"TTGGGCGTCAACTGAC-1","6"
"TTGGGCGTCTGTCCCA-1","8"
"TTGGTTTCAGTAGGAC-1","6"
"TTGGTTTCATGACTGT-1","5"
"TTGGTTTTCCCTCGAT-1","6"
"TTGTGGAAGATACAGT-1","6"
"TTGTGGACAACGAGGT-1","7"
"TTGTGGATCGGAATTC-1","6"
"TTGTGTTGTGCGACAA-1","5"
"TTGTGTTTCGATTTCT-1","6"
"TTGTTCACATGGTGGA-1","5"
"TTGTTGTCAAAGGGCT-1","5"
"TTGTTGTCAATGAGCG-1","5"
"TTGTTTGAGCCTTGAT-1","6"
"TTGTTTGGTCGGTACC-1","6"
"TTGTTTGGTGAGAACC-1","6"
"TTTACGTCACGAAGAC-1","5"
"TTTACGTGTGAAGCTG-1","7"
"TTTACTGAGATTAGCA-1","5"
"TTTAGTCAGCTGGTGA-1","6"
"TTTATGCAGGGAGAAT-1","5"
"TTTATGCGTACAGGTG-1","7"
"TTTCACAAGGCATGCA-1","8"
"TTTCACAGTTGTCATG-1","7"
"TTTCAGTAGAAATTGC-1","5"
"TTTCAGTAGTCGCTAT-1","6"
"TTTCATGTCCGATTAG-1","6"
"TTTCCTCAGAGTGGCT-1","8"
"TTTCCTCGTGGCTGCT-1","6"
"TTTCGATCAGATTCGT-1","8"
"TTTCGATGTCCCGCAA-1","8"
"TTTGGAGAGACGACGT-1","6"
"TTTGGAGCAGTAGAGC-1","6"
"TTTGGTTCAGAGTTCT-1","6"
"TTTGGTTCAGCGGATA-1","7"
"TTTGTTGGTCCCAAAT-1","7"
